feature,importance
month_cos,0.07949201
pm25_roll7_mean,0.0781616
pm25_roll3_mean,0.07378218
pm25_lag3,0.0729539
month_sin,0.070097044
total_precip,0.06792541
pm25_lag7,0.06723686
pm25_lag2,0.06709446
pm25_lag1,0.06405804
dow_sin,0.06308793
temp_2m,0.06304519
dow_cos,0.060713913
month,0.060247496
pm25_roll7_std,0.057408046
dayofweek,0.054695886
road_density,0.0
elevation,0.0
building_density,0.0
