station_id,date,actual_pm25,pred_pm25
STATION_00,2024-08-07,102.78624561443468,95.73271772906986
STATION_00,2024-08-08,154.70957592354745,95.62800123737064
STATION_00,2024-08-09,15.376768514259023,97.10261366412846
STATION_00,2024-08-10,176.47751597303062,103.75219709918704
STATION_00,2024-08-11,92.09960507105049,96.3348036055347
STATION_00,2024-08-12,78.655946502629,98.72052595660892
STATION_00,2024-08-13,49.39478123699163,97.94539473102299
STATION_00,2024-08-14,17.25716640671153,102.9619276289722
STATION_00,2024-08-15,141.15852919809575,99.57859938190188
STATION_00,2024-08-16,103.66589835942021,100.72266829059329
STATION_00,2024-08-17,35.5019550129473,99.94828779742923
STATION_00,2024-08-18,35.2460613968192,103.65714552448001
STATION_00,2024-08-19,83.2107650354936,99.03629896686283
STATION_00,2024-08-20,183.4510762644696,97.77999250934329
STATION_00,2024-08-21,87.02043243181978,90.78947279498783
STATION_00,2024-08-22,24.84285234409469,95.68540022418705
STATION_00,2024-08-23,87.7128467957028,102.10528395221439
STATION_00,2024-08-24,86.3638215126165,98.03422377155033
STATION_00,2024-08-25,5.0,97.45147230670658
STATION_00,2024-08-26,97.2852566741094,98.33907454059329
STATION_00,2024-08-27,88.4532734895661,96.81284925983158
STATION_00,2024-08-28,134.8103182406709,100.23788588092532
STATION_00,2024-08-29,192.44780474726727,99.51875746295657
STATION_00,2024-08-30,156.32825147738788,92.87306349323
STATION_00,2024-08-31,86.55556547225846,94.17494490192142
STATION_00,2024-09-01,44.67370456291648,101.91934641202309
STATION_00,2024-09-02,228.66799016249303,110.79801538785316
STATION_00,2024-09-03,102.96092170072437,104.31657007535316
STATION_00,2024-09-04,100.6964645956473,107.97479914029456
STATION_00,2024-09-05,98.7937456444998,107.59779260953285
STATION_00,2024-09-06,109.90423803839279,113.1909917672477
STATION_00,2024-09-07,92.78197940380291,113.5156759103141
STATION_00,2024-09-08,71.3168996559882,105.55642145474769
STATION_00,2024-09-09,72.65705293798042,110.5309835275016
STATION_00,2024-09-10,98.3623364892001,114.88182276090004
STATION_00,2024-09-11,72.82876144331176,111.93084009488442
STATION_00,2024-09-12,64.35771086614176,112.0184102853141
STATION_00,2024-09-13,105.32151138459488,113.19501856168128
STATION_00,2024-09-14,87.25113912895726,111.20681360562659
STATION_00,2024-09-15,175.19964942913447,112.851907904943
STATION_00,2024-09-16,5.0,111.43728540738441
STATION_00,2024-09-17,154.5753425961231,111.41669672330238
STATION_00,2024-09-18,162.3042596248815,115.66462763150551
STATION_00,2024-09-19,5.0,114.09723413785316
STATION_00,2024-09-20,82.86562029598261,111.12262934048988
STATION_00,2024-09-21,81.42795670021046,110.61111353238441
STATION_00,2024-09-22,29.624415264108933,111.0757833321891
STATION_00,2024-09-23,61.109165620456224,107.71732691129066
STATION_00,2024-09-24,44.47120772670857,113.51912287076331
STATION_00,2024-09-25,187.61352217118116,113.30966547330237
STATION_00,2024-09-26,146.78391965737302,110.28891657193519
STATION_00,2024-09-27,163.577754749708,112.99630335172034
STATION_00,2024-09-28,136.0836032021617,111.92737787564613
STATION_00,2024-09-29,43.54741143913855,113.65282038052894
STATION_00,2024-09-30,73.77398668601131,111.30094507535316
STATION_00,2024-10-01,124.46872806139596,88.5876083337646
STATION_00,2024-10-02,38.89360955540273,91.33660964602046
STATION_00,2024-10-03,135.64992150861943,96.10449905031734
STATION_00,2024-10-04,87.98373009209323,96.27554397219234
STATION_00,2024-10-05,81.25895962252015,96.70463180178218
STATION_00,2024-10-06,135.54799841017453,95.80044784182125
STATION_00,2024-10-07,122.21316557430201,94.0747535669189
STATION_00,2024-10-08,81.951691709046,94.65236281984859
STATION_00,2024-10-09,157.96649016821246,94.18341292971188
STATION_00,2024-10-10,45.94683362000514,94.96600722902828
STATION_00,2024-10-11,130.79678034721317,94.53914260500484
STATION_00,2024-10-12,129.6550628984192,97.5112541162353
STATION_00,2024-10-13,84.52267803430048,90.32572860354
STATION_00,2024-10-14,116.30665111210585,93.0715568506103
STATION_00,2024-10-15,37.44432118073485,91.93190230959469
STATION_00,2024-10-16,146.2013509603451,98.63928756350094
STATION_00,2024-10-17,90.75489317785059,93.4907905542236
STATION_00,2024-10-18,73.86384897404804,95.10797347658688
STATION_00,2024-10-19,152.45046129184445,93.86989059084469
STATION_00,2024-10-20,64.78281547286203,91.77484511965328
STATION_00,2024-10-21,29.576935181822023,91.36401443117671
STATION_00,2024-10-22,22.16854132380482,95.28319472902828
STATION_00,2024-10-23,130.30049756728198,95.53841476076656
STATION_00,2024-10-24,35.97853237518586,94.89061507814938
STATION_00,2024-10-25,187.7397090992183,92.2201393091064
STATION_00,2024-10-26,5.0,95.60037612551265
STATION_00,2024-10-27,184.82281841450188,94.53552932375484
STATION_00,2024-10-28,110.55087336013096,87.93407439821773
STATION_00,2024-10-29,95.1643444064804,93.825777431665
STATION_00,2024-10-30,72.7540456595525,91.27974013918453
STATION_00,2024-10-31,119.95680571760356,90.14720840090328
STATION_00,2024-11-01,98.11826487875759,111.10961349786109
STATION_00,2024-11-02,155.16509410082614,103.51114548028296
STATION_00,2024-11-03,105.711382433102,110.06263321221655
STATION_00,2024-11-04,107.51508807309388,111.02982528985328
STATION_00,2024-11-05,81.81938938930723,109.25383499444311
STATION_00,2024-11-06,97.15271881394659,106.5012669402439
STATION_00,2024-11-07,115.39008844460302,109.97552231133764
STATION_00,2024-11-08,14.491580367168723,109.72482193291968
STATION_00,2024-11-09,32.590728894714346,110.52450455010718
STATION_00,2024-11-10,137.16320470113578,104.28970993340796
STATION_00,2024-11-11,108.54327190639705,111.22999466241187
STATION_00,2024-11-12,90.80083318236606,111.06481216729468
STATION_00,2024-11-13,100.92169665326963,110.82795608819312
STATION_00,2024-11-14,117.37908526808359,111.60894363702124
STATION_00,2024-11-15,73.0120159845319,113.29751175225562
STATION_00,2024-11-16,61.08476372988438,112.28309219659155
STATION_00,2024-11-17,109.79226275488404,111.36519974053687
STATION_00,2024-11-18,51.08136111924839,112.19565933526343
STATION_00,2024-11-19,120.41263778572358,113.28179062188453
STATION_00,2024-11-20,14.87081978810798,113.60168960870092
STATION_00,2024-11-21,151.45778186628223,112.27941330254859
STATION_00,2024-11-22,123.62987412065218,116.81885727227515
STATION_00,2024-11-23,112.80148671569377,115.81423996270483
STATION_00,2024-11-24,149.13454919727565,113.05871933282202
STATION_00,2024-11-25,183.27372222312883,112.50976303399389
STATION_00,2024-11-26,150.71850325090645,109.49166305840797
STATION_00,2024-11-27,7.95628843341774,112.79277542413061
STATION_00,2024-11-28,36.02115166321493,109.10065201104467
STATION_00,2024-11-29,68.75907111521606,99.03515289605444
STATION_00,2024-11-30,101.30455251054168,110.99166000665015
STATION_00,2024-12-01,125.88295102345619,89.74853874069557
STATION_00,2024-12-02,63.71280934232672,91.57744956833228
STATION_00,2024-12-03,109.3383382238539,94.6608754716526
STATION_00,2024-12-04,62.23085338233389,94.46516624313698
STATION_00,2024-12-05,69.42410985040259,99.03688102585181
STATION_00,2024-12-06,29.666945157588884,95.49835410934791
STATION_00,2024-12-07,53.83833769445481,95.83932243210182
STATION_00,2024-12-08,32.415769719183324,92.40894981247291
STATION_00,2024-12-09,51.20633735113335,94.82736717087136
STATION_00,2024-12-10,152.682089830392,94.72257896286354
STATION_00,2024-12-11,52.53005555840284,96.29706626755103
STATION_00,2024-12-12,231.6191032418696,99.96523643356666
STATION_00,2024-12-13,124.66589504404442,93.79865012985573
STATION_00,2024-12-14,109.24180618474371,91.70635276657447
STATION_00,2024-12-15,57.08211099093932,91.83163658005104
STATION_00,2024-12-16,135.01549397044954,93.50327659469947
STATION_00,2024-12-17,71.21810868811131,89.86806922775611
STATION_00,2024-12-18,106.10049073226806,93.47875877243385
STATION_00,2024-12-19,228.00422691343968,93.24924674850807
STATION_00,2024-12-20,95.19700501376755,87.04948936325417
STATION_00,2024-12-21,157.46366631428384,87.69493537765845
STATION_00,2024-12-22,64.84117874370563,85.70971885544166
STATION_00,2024-12-23,98.25057547515193,91.73031516891822
STATION_00,2024-12-24,188.54003178177558,87.65246787887916
STATION_00,2024-12-25,68.65164711061166,90.03642478805885
STATION_00,2024-12-26,190.6224278998465,90.61337180954322
STATION_00,2024-12-27,135.3875967727738,87.21346107345924
STATION_00,2024-12-28,71.87666120528662,86.17227378708229
STATION_00,2024-12-29,131.62038695277602,87.66434760910377
STATION_00,2024-12-30,148.62772248133652,90.4780858598362
STATION_00,2024-12-31,131.09049811085984,89.63527885300026
STATION_01,2024-08-07,51.63999999999999,48.13528471745672
STATION_01,2024-08-08,52.96,48.58340178288641
STATION_01,2024-08-09,38.809999999999995,47.19706221379461
STATION_01,2024-08-10,31.0,48.74214201726141
STATION_01,2024-08-11,64.61000000000001,47.83319502629461
STATION_01,2024-08-12,30.88,49.15731840886297
STATION_01,2024-08-13,49.43000000000001,45.74672728337469
STATION_01,2024-08-14,38.45000000000001,48.973755176441095
STATION_01,2024-08-15,57.57999999999998,49.199698169605156
STATION_01,2024-08-16,54.66999999999999,48.01452971257391
STATION_01,2024-08-17,68.74999999999997,47.91762266911688
STATION_01,2024-08-18,37.8,49.161201007739926
STATION_01,2024-08-19,42.60000000000001,48.00629835881414
STATION_01,2024-08-20,28.42,48.39066725529852
STATION_01,2024-08-21,39.11,47.90897703923407
STATION_01,2024-08-22,55.550000000000004,48.0108042792243
STATION_01,2024-08-23,63.139999999999986,49.01275358952704
STATION_01,2024-08-24,29.56,47.918998248950864
STATION_01,2024-08-25,65.39,47.27643004216375
STATION_01,2024-08-26,75.10999999999997,48.619421680347344
STATION_01,2024-08-27,56.27000000000001,48.5723147467536
STATION_01,2024-08-28,85.53999999999998,47.65815687932196
STATION_01,2024-08-29,32.519999999999996,48.42050047673406
STATION_01,2024-08-30,23.11,48.35867186345281
STATION_01,2024-08-31,12.430000000000001,47.968270404712584
STATION_01,2024-09-01,77.91999999999999,47.240176027425136
STATION_01,2024-09-02,61.09000000000002,47.64262048543295
STATION_01,2024-09-03,46.89000000000001,46.401057832845055
STATION_01,2024-09-04,53.599999999999994,46.472904604085294
STATION_01,2024-09-05,25.490000000000002,46.31539575398764
STATION_01,2024-09-06,96.91999999999999,47.540715425618494
STATION_01,2024-09-07,50.57999999999999,46.66134073079428
STATION_01,2024-09-08,50.19,45.338923280843105
STATION_01,2024-09-09,62.52000000000002,45.3521183186849
STATION_01,2024-09-10,57.619999999999976,45.99068719685873
STATION_01,2024-09-11,52.48,45.53498727620443
STATION_01,2024-09-12,32.18999999999999,46.02755166829428
STATION_01,2024-09-13,57.42999999999998,44.21637689412435
STATION_01,2024-09-14,85.63999999999997,44.98387872517904
STATION_01,2024-09-15,74.90999999999997,45.013308351643886
STATION_01,2024-09-16,79.85999999999999,45.602455537923184
STATION_01,2024-09-17,37.779999999999994,45.011190431722014
STATION_01,2024-09-18,28.209999999999997,47.36062967122396
STATION_01,2024-09-19,45.48,46.012792604573576
STATION_01,2024-09-20,49.109999999999985,45.80430795491537
STATION_01,2024-09-21,69.88,45.49422571004232
STATION_01,2024-09-22,14.150000000000004,45.628290956624355
STATION_01,2024-09-23,78.59,46.25649301350912
STATION_01,2024-09-24,44.84000000000001,45.24687692464193
STATION_01,2024-09-25,39.46,46.60944940388998
STATION_01,2024-09-26,27.76,46.46978647054037
STATION_01,2024-09-27,14.900000000000004,47.405633943684904
STATION_01,2024-09-28,64.45999999999998,46.08465539754232
STATION_01,2024-09-29,49.47,47.501476686604825
STATION_01,2024-09-30,22.200000000000003,45.83770486653646
STATION_01,2024-10-01,114.1,145.34391235351563
STATION_01,2024-10-02,133.27999999999997,140.42276672363283
STATION_01,2024-10-03,173.38000000000005,137.92904266357425
STATION_01,2024-10-04,134.80999999999995,141.96835998535158
STATION_01,2024-10-05,109.93999999999998,140.89457763671876
STATION_01,2024-10-06,135.08999999999997,141.5746374511719
STATION_01,2024-10-07,134.54999999999998,141.19982666015628
STATION_01,2024-10-08,86.06,141.67630676269533
STATION_01,2024-10-09,138.90999999999994,142.0811804199219
STATION_01,2024-10-10,135.37999999999994,141.8998114013672
STATION_01,2024-10-11,153.92000000000002,141.4183447265625
STATION_01,2024-10-12,176.98000000000005,141.47317871093753
STATION_01,2024-10-13,162.53000000000003,139.88722900390627
STATION_01,2024-10-14,134.62000000000003,141.1278814697266
STATION_01,2024-10-15,117.87000000000002,140.79283813476565
STATION_01,2024-10-16,191.47000000000003,140.71878723144533
STATION_01,2024-10-17,141.18000000000004,140.64271911621097
STATION_01,2024-10-18,140.27999999999994,141.47052978515626
STATION_01,2024-10-19,139.51999999999998,139.58319763183596
STATION_01,2024-10-20,143.96000000000004,141.32159179687503
STATION_01,2024-10-21,137.10999999999996,141.16652587890627
STATION_01,2024-10-22,128.52999999999997,140.82803710937503
STATION_01,2024-10-23,129.06000000000006,140.88760742187503
STATION_01,2024-10-24,139.34,138.82301391601564
STATION_01,2024-10-25,129.12999999999997,138.86676086425783
STATION_01,2024-10-26,125.74000000000004,138.40328277587892
STATION_01,2024-10-27,142.12999999999997,139.4508551025391
STATION_01,2024-10-28,134.90000000000006,138.01681579589845
STATION_01,2024-10-29,170.08000000000004,137.76304077148438
STATION_01,2024-10-30,86.97999999999998,140.65192016601566
STATION_01,2024-10-31,161.83000000000007,141.3200964355469
STATION_01,2024-11-01,254.9200000000001,232.0402187744141
STATION_01,2024-11-02,188.52999999999994,233.3129543701172
STATION_01,2024-11-03,223.1500000000001,234.43833278808597
STATION_01,2024-11-04,222.5699999999999,233.9395443359375
STATION_01,2024-11-05,201.84999999999994,234.4035793701172
STATION_01,2024-11-06,214.4399999999999,231.04222072753907
STATION_01,2024-11-07,207.78999999999994,235.06249965820314
STATION_01,2024-11-08,265.0500000000001,235.01659511718753
STATION_01,2024-11-09,248.70999999999992,234.09778103027347
STATION_01,2024-11-10,255.43000000000006,233.92553371582034
STATION_01,2024-11-11,244.43000000000012,233.68303798828128
STATION_01,2024-11-12,207.42,233.95047878417972
STATION_01,2024-11-13,219.50999999999996,234.3067715087891
STATION_01,2024-11-14,239.78999999999994,234.18149685058597
STATION_01,2024-11-15,205.55999999999997,234.37913173828127
STATION_01,2024-11-16,244.2599999999999,234.25038723144533
STATION_01,2024-11-17,225.19000000000005,233.8052090087891
STATION_01,2024-11-18,222.50000000000006,234.4452236572266
STATION_01,2024-11-19,244.21999999999994,234.33901943359376
STATION_01,2024-11-20,238.88999999999993,234.35560878906253
STATION_01,2024-11-21,222.77999999999992,234.17422145996096
STATION_01,2024-11-22,253.1899999999999,234.42180446777346
STATION_01,2024-11-23,208.37999999999997,234.86548427734377
STATION_01,2024-11-24,242.32,234.49772304687502
STATION_01,2024-11-25,241.85999999999996,234.3316524902344
STATION_01,2024-11-26,223.81000000000003,234.5021358886719
STATION_01,2024-11-27,236.52000000000004,234.46726955566407
STATION_01,2024-11-28,204.98000000000002,234.63786281738282
STATION_01,2024-11-29,248.4800000000001,234.64489711914064
STATION_01,2024-11-30,226.30000000000007,234.79577602539064
STATION_01,2024-12-01,219.54999999999998,228.70986437594507
STATION_01,2024-12-02,250.97999999999988,228.64628100192164
STATION_01,2024-12-03,215.91000000000003,228.66046862399193
STATION_01,2024-12-04,201.83,228.7984782675466
STATION_01,2024-12-05,198.86999999999995,228.79303393160913
STATION_01,2024-12-06,242.12,228.63168139254662
STATION_01,2024-12-07,204.39000000000001,228.68543200289818
STATION_01,2024-12-08,265.09999999999997,228.65331835543725
STATION_01,2024-12-09,188.35999999999996,228.5389567831716
STATION_01,2024-12-10,263.9300000000001,228.69166979586694
STATION_01,2024-12-11,234.2200000000001,228.567466304656
STATION_01,2024-12-12,228.07000000000008,228.54982714449974
STATION_01,2024-12-13,219.09999999999997,228.6956187704763
STATION_01,2024-12-14,237.98000000000002,228.69660143649193
STATION_01,2024-12-15,229.24999999999997,228.0311442831716
STATION_01,2024-12-16,252.07000000000002,228.64392504489038
STATION_01,2024-12-17,232.28000000000003,228.497104976531
STATION_01,2024-12-18,233.01000000000002,228.68877062594507
STATION_01,2024-12-19,222.73000000000002,228.61247362887474
STATION_01,2024-12-20,228.86000000000007,228.91252856051537
STATION_01,2024-12-21,236.16000000000008,229.04613451754662
STATION_01,2024-12-22,195.79999999999995,229.0661418417654
STATION_01,2024-12-23,203.0399999999999,228.60973009860132
STATION_01,2024-12-24,244.8700000000001,228.27082934176536
STATION_01,2024-12-25,233.42,228.76794543063255
STATION_01,2024-12-26,226.32000000000008,228.7473247030935
STATION_01,2024-12-27,230.3700000000001,228.09949145114038
STATION_01,2024-12-28,236.95,228.7328929403982
STATION_01,2024-12-29,219.19999999999993,228.79073900973412
STATION_01,2024-12-30,214.42999999999995,228.95710863864036
STATION_01,2024-12-31,233.9199999999999,228.85879626071068
STATION_02,2024-08-07,21.76,51.3362558750462
STATION_02,2024-08-08,26.699999999999996,52.634948196823544
STATION_02,2024-08-09,41.89999999999999,51.931466141159476
STATION_02,2024-08-10,35.81,53.35494331401104
STATION_02,2024-08-11,44.26,53.13622764628643
STATION_02,2024-08-12,49.129999999999995,51.40724205058331
STATION_02,2024-08-13,58.59,51.08585609477276
STATION_02,2024-08-14,46.589999999999996,50.599800339157525
STATION_02,2024-08-15,57.73000000000002,51.53899559062237
STATION_02,2024-08-16,49.28999999999999,50.60916389506573
STATION_02,2024-08-17,10.000000000000002,51.36636375468487
STATION_02,2024-08-18,29.209999999999994,51.67337745707745
STATION_02,2024-08-19,45.120000000000005,50.48594917338604
STATION_02,2024-08-20,23.810000000000002,51.30585655253643
STATION_02,2024-08-21,60.00000000000001,53.33637031596417
STATION_02,2024-08-22,78.62000000000003,50.50684837382549
STATION_02,2024-08-23,72.38,53.806241074020804
STATION_02,2024-08-24,43.73,53.377737656052055
STATION_02,2024-08-25,77.81000000000002,52.24558967631573
STATION_02,2024-08-26,50.97,51.774624863083304
STATION_02,2024-08-27,41.25999999999999,51.53487419169659
STATION_02,2024-08-28,35.73,53.11282142680401
STATION_02,2024-08-29,41.95000000000001,52.10031761210674
STATION_02,2024-08-30,40.24,52.47463096659893
STATION_02,2024-08-31,51.41,52.686269607956355
STATION_02,2024-09-01,51.20999999999999,44.09495736897787
STATION_02,2024-09-02,48.059999999999995,44.17118951619467
STATION_02,2024-09-03,56.74000000000002,42.17798158467612
STATION_02,2024-09-04,71.80999999999999,43.60491754353842
STATION_02,2024-09-05,66.99000000000002,42.991605013020845
STATION_02,2024-09-06,18.299999999999997,41.79644738972983
STATION_02,2024-09-07,10.000000000000002,42.06843339742026
STATION_02,2024-09-08,66.68999999999997,44.83896982014975
STATION_02,2024-09-09,20.66,44.11617013753256
STATION_02,2024-09-10,43.50000000000001,42.409565370686856
STATION_02,2024-09-11,24.6,42.40845987141928
STATION_02,2024-09-12,11.960000000000004,45.494681947835296
STATION_02,2024-09-13,58.82999999999998,44.16704904378256
STATION_02,2024-09-14,63.18000000000002,47.55720712483725
STATION_02,2024-09-15,36.46999999999999,44.2305607014974
STATION_02,2024-09-16,10.000000000000002,42.60922586263022
STATION_02,2024-09-17,37.07999999999999,46.96543008626303
STATION_02,2024-09-18,55.83999999999998,45.431397646077485
STATION_02,2024-09-19,18.419999999999998,44.93789331258139
STATION_02,2024-09-20,51.669999999999995,46.27567483723959
STATION_02,2024-09-21,47.68999999999999,44.884628694661465
STATION_02,2024-09-22,59.58999999999998,43.912470644124355
STATION_02,2024-09-23,50.39,46.772900026448575
STATION_02,2024-09-24,28.54,46.358829897054044
STATION_02,2024-09-25,71.93000000000004,44.498022096761076
STATION_02,2024-09-26,44.83,43.934144228108735
STATION_02,2024-09-27,47.449999999999996,44.06563302815756
STATION_02,2024-09-28,29.330000000000002,42.62895395100912
STATION_02,2024-09-29,39.129999999999995,44.497648256429045
STATION_02,2024-09-30,30.299999999999997,42.82633096516928
STATION_02,2024-10-01,136.54000000000002,147.71966126669608
STATION_02,2024-10-02,174.23,148.55369141806327
STATION_02,2024-10-03,112.56000000000002,143.01558717001637
STATION_02,2024-10-04,107.73000000000005,147.80601380575857
STATION_02,2024-10-05,169.41999999999996,145.90646546591483
STATION_02,2024-10-06,135.80999999999995,145.58471863974296
STATION_02,2024-10-07,126.62000000000003,147.32906068075857
STATION_02,2024-10-08,160.80000000000007,146.68056519736012
STATION_02,2024-10-09,127.88999999999999,146.36918214071952
STATION_02,2024-10-10,176.51999999999995,147.99288209189137
STATION_02,2024-10-11,153.56000000000006,146.7811938594695
STATION_02,2024-10-12,130.23999999999998,145.41005433310232
STATION_02,2024-10-13,183.15000000000003,145.74800294150077
STATION_02,2024-10-14,127.88999999999999,145.64921754111015
STATION_02,2024-10-15,154.83999999999997,145.88828919638357
STATION_02,2024-10-16,145.98999999999995,146.67007020224295
STATION_02,2024-10-17,166.03000000000006,144.86865723837576
STATION_02,2024-10-18,171.23000000000005,146.4732348750945
STATION_02,2024-10-19,140.64,145.55691102255545
STATION_02,2024-10-20,124.93000000000002,145.5011370967742
STATION_02,2024-10-21,149.19999999999993,146.33988831747732
STATION_02,2024-10-22,126.44999999999996,147.27719605673514
STATION_02,2024-10-23,180.26999999999992,147.41286195028982
STATION_02,2024-10-24,142.73000000000005,145.74015687216482
STATION_02,2024-10-25,132.69000000000003,144.88175538290702
STATION_02,2024-10-26,143.69000000000003,145.31132996786795
STATION_02,2024-10-27,113.06000000000006,145.58618958700856
STATION_02,2024-10-28,120.56999999999998,146.2757464717742
STATION_02,2024-10-29,164.01000000000002,146.46017640341483
STATION_02,2024-10-30,126.85999999999999,143.36190064657887
STATION_02,2024-10-31,119.05999999999999,145.43188966025076
STATION_02,2024-11-01,240.72999999999996,230.94727485351564
STATION_02,2024-11-02,253.7100000000001,229.8039337890625
STATION_02,2024-11-03,244.3799999999999,230.92451484375002
STATION_02,2024-11-04,249.91999999999993,231.28133552246095
STATION_02,2024-11-05,214.85999999999993,231.43208625488285
STATION_02,2024-11-06,201.55999999999992,232.0218964355469
STATION_02,2024-11-07,260.02999999999986,231.52305915527347
STATION_02,2024-11-08,223.5500000000001,231.61120002441407
STATION_02,2024-11-09,224.98,231.8626160400391
STATION_02,2024-11-10,256.55999999999995,231.1446503417969
STATION_02,2024-11-11,241.1200000000001,231.54812629394533
STATION_02,2024-11-12,239.12,231.6556854980469
STATION_02,2024-11-13,273.3000000000001,231.59193427734377
STATION_02,2024-11-14,217.1299999999999,231.58346564941408
STATION_02,2024-11-15,248.56000000000006,231.41915290527345
STATION_02,2024-11-16,231.14000000000007,231.47796943359378
STATION_02,2024-11-17,235.3700000000001,231.2505066650391
STATION_02,2024-11-18,260.5699999999999,231.35975043945314
STATION_02,2024-11-19,240.16000000000008,231.4569306152344
STATION_02,2024-11-20,240.7699999999999,231.6723419921875
STATION_02,2024-11-21,251.45,231.3725586669922
STATION_02,2024-11-22,222.70000000000005,231.25581977539065
STATION_02,2024-11-23,213.22000000000008,231.87600715332033
STATION_02,2024-11-24,209.1,231.67821357421877
STATION_02,2024-11-25,190.67000000000004,231.9014649169922
STATION_02,2024-11-26,271.12,231.95808723144535
STATION_02,2024-11-27,207.94000000000008,231.24885871582035
STATION_02,2024-11-28,225.57000000000005,231.61971748046878
STATION_02,2024-11-29,224.46000000000004,231.62759406738283
STATION_02,2024-11-30,236.1500000000001,231.6623535888672
STATION_02,2024-12-01,246.30999999999997,231.51600056309854
STATION_02,2024-12-02,247.21000000000012,231.5925783218876
STATION_02,2024-12-03,218.33999999999992,231.68503742833292
STATION_02,2024-12-04,226.65999999999997,231.64545002598916
STATION_02,2024-12-05,235.6499999999999,231.51595478673136
STATION_02,2024-12-06,225.03,231.36973896641885
STATION_02,2024-12-07,262.14999999999986,231.39605122227823
STATION_02,2024-12-08,239.82000000000008,231.24720478673134
STATION_02,2024-12-09,244.69999999999987,231.43059712071573
STATION_02,2024-12-10,243.2599999999999,231.49125080723917
STATION_02,2024-12-11,253.47000000000006,231.7811006607548
STATION_02,2024-12-12,233.62000000000006,231.6296846451298
STATION_02,2024-12-13,204.05999999999992,231.6640321793095
STATION_02,2024-12-14,237.99000000000007,231.79680500645793
STATION_02,2024-12-15,216.97000000000003,231.45566731114542
STATION_02,2024-12-16,219.43000000000004,231.45489521641886
STATION_02,2024-12-17,241.73000000000005,231.6289094986454
STATION_02,2024-12-18,254.77000000000007,231.958929640247
STATION_02,2024-12-19,230.43000000000004,231.53059712071573
STATION_02,2024-12-20,236.17999999999998,231.64232807774698
STATION_02,2024-12-21,264.03999999999996,231.73945637364542
STATION_02,2024-12-22,234.81999999999994,231.34229756016884
STATION_02,2024-12-23,282.03000000000003,232.00137348790324
STATION_02,2024-12-24,241.31,229.39866047520792
STATION_02,2024-12-25,194.78,231.69645100255167
STATION_02,2024-12-26,245.07000000000002,231.37136860509074
STATION_02,2024-12-27,237.62000000000003,230.6439455093876
STATION_02,2024-12-28,255.8,231.94232502598916
STATION_02,2024-12-29,243.46,231.11448689122355
STATION_02,2024-12-30,227.23000000000002,230.68450031895793
STATION_02,2024-12-31,205.51000000000002,231.39629231114543
STATION_03,2024-08-07,47.99999999999999,49.042116475698116
STATION_03,2024-08-08,47.809999999999995,49.690739369985224
STATION_03,2024-08-09,41.44,50.31782524645007
STATION_03,2024-08-10,51.10000000000001,51.82681953966296
STATION_03,2024-08-11,64.50000000000003,51.22029411852038
STATION_03,2024-08-12,30.660000000000007,50.60443794786608
STATION_03,2024-08-13,34.84,48.87279121935046
STATION_03,2024-08-14,41.93,51.49845497667468
STATION_03,2024-08-15,21.08,52.80346825182116
STATION_03,2024-08-16,31.610000000000007,51.089313436147336
STATION_03,2024-08-17,38.480000000000004,51.25634377061999
STATION_03,2024-08-18,65.49000000000002,51.310687947866086
STATION_03,2024-08-19,53.25,49.22820961534655
STATION_03,2024-08-20,51.87,50.74468987047351
STATION_03,2024-08-21,65.02,50.61036598741686
STATION_03,2024-08-22,45.24999999999999,50.25347664415514
STATION_03,2024-08-23,55.80999999999999,50.179889608022336
STATION_03,2024-08-24,45.93999999999999,48.51347267686999
STATION_03,2024-08-25,53.31,50.29755318224108
STATION_03,2024-08-26,36.339999999999996,51.87423851549303
STATION_03,2024-08-27,10.000000000000002,52.05974495470202
STATION_03,2024-08-28,45.309999999999995,51.06766045152819
STATION_03,2024-08-29,76.44999999999997,49.64496681749499
STATION_03,2024-08-30,66.52000000000001,49.23304894029772
STATION_03,2024-08-31,67.30999999999999,51.72521660387194
STATION_03,2024-09-01,72.72000000000003,52.44839332275391
STATION_03,2024-09-02,49.769999999999996,51.94104011230469
STATION_03,2024-09-03,51.95000000000001,50.198946453857424
STATION_03,2024-09-04,35.65,52.16466758422852
STATION_03,2024-09-05,41.67999999999999,50.378005291748046
STATION_03,2024-09-06,60.32,51.284088208007816
STATION_03,2024-09-07,72.08000000000001,50.023209454345704
STATION_03,2024-09-08,45.21000000000001,51.635528637695316
STATION_03,2024-09-09,39.0,51.057885052490235
STATION_03,2024-09-10,48.010000000000005,53.260528637695316
STATION_03,2024-09-11,60.019999999999996,50.00743949584961
STATION_03,2024-09-12,19.120000000000005,48.14961021118164
STATION_03,2024-09-13,10.000000000000002,50.0475731628418
STATION_03,2024-09-14,36.99000000000001,51.232812573242185
STATION_03,2024-09-15,23.59,52.737477185058594
STATION_03,2024-09-16,37.84,52.21603934936523
STATION_03,2024-09-17,45.04,53.073893811035155
STATION_03,2024-09-18,38.940000000000005,51.825036694335935
STATION_03,2024-09-19,77.05,50.2726822631836
STATION_03,2024-09-20,54.53000000000002,50.59886024169922
STATION_03,2024-09-21,54.01000000000001,52.28226096801758
STATION_03,2024-09-22,60.44,52.77690818481445
STATION_03,2024-09-23,25.21999999999999,51.91068961791992
STATION_03,2024-09-24,68.78,52.35128715209961
STATION_03,2024-09-25,46.48,50.92563026123047
STATION_03,2024-09-26,61.409999999999975,49.483824993896484
STATION_03,2024-09-27,26.559999999999995,49.93258216552734
STATION_03,2024-09-28,16.919999999999998,51.83134391479492
STATION_03,2024-09-29,64.36,52.315810467529296
STATION_03,2024-09-30,55.53000000000001,50.379531170654296
STATION_03,2024-10-01,121.96000000000001,138.86225854492187
STATION_03,2024-10-02,122.60999999999994,141.27377282714843
STATION_03,2024-10-03,162.51,140.97518884277343
STATION_03,2024-10-04,116.21,142.3696895751953
STATION_03,2024-10-05,172.85,142.8687526855469
STATION_03,2024-10-06,121.99000000000004,141.59871789550783
STATION_03,2024-10-07,152.76999999999998,144.25182153320313
STATION_03,2024-10-08,133.43,142.30876733398438
STATION_03,2024-10-09,152.05999999999995,142.47416650390625
STATION_03,2024-10-10,129.11999999999995,142.00169641113283
STATION_03,2024-10-11,136.73999999999995,142.37630883789063
STATION_03,2024-10-12,140.81999999999996,141.44447290039062
STATION_03,2024-10-13,119.96000000000004,141.4495876464844
STATION_03,2024-10-14,154.82,142.1353817138672
STATION_03,2024-10-15,129.74000000000004,141.99413415527346
STATION_03,2024-10-16,135.43000000000006,142.2054500732422
STATION_03,2024-10-17,120.11000000000004,141.4473934326172
STATION_03,2024-10-18,88.75000000000004,142.01018029785158
STATION_03,2024-10-19,136.18,141.08396875
STATION_03,2024-10-20,188.25000000000009,141.624349609375
STATION_03,2024-10-21,155.69000000000003,141.89537622070313
STATION_03,2024-10-22,139.61,141.59642907714846
STATION_03,2024-10-23,134.74,140.16597863769533
STATION_03,2024-10-24,140.45000000000002,141.54499780273437
STATION_03,2024-10-25,150.94000000000003,142.23699609375
STATION_03,2024-10-26,116.37999999999998,141.36779748535156
STATION_03,2024-10-27,162.29000000000002,141.54395715332032
STATION_03,2024-10-28,154.31000000000003,140.75773583984375
STATION_03,2024-10-29,154.36000000000004,141.31525231933594
STATION_03,2024-10-30,148.77,140.94695703125
STATION_03,2024-10-31,140.39000000000004,141.3740261230469
STATION_03,2024-11-01,243.46,226.416319140625
STATION_03,2024-11-02,241.8400000000001,225.96347795410156
STATION_03,2024-11-03,222.92000000000004,227.2919020263672
STATION_03,2024-11-04,218.52999999999997,227.0566969482422
STATION_03,2024-11-05,232.0399999999999,227.3498549072266
STATION_03,2024-11-06,260.97999999999996,227.48127580566407
STATION_03,2024-11-07,205.21999999999997,227.05054765625002
STATION_03,2024-11-08,200.64999999999995,226.86765275878906
STATION_03,2024-11-09,233.30000000000007,227.30709672851563
STATION_03,2024-11-10,231.01999999999998,226.56161943359376
STATION_03,2024-11-11,233.47000000000008,226.8776014892578
STATION_03,2024-11-12,234.88000000000005,226.8498884765625
STATION_03,2024-11-13,225.54000000000005,227.34186540527344
STATION_03,2024-11-14,259.8,226.87653642578127
STATION_03,2024-11-15,197.98000000000008,226.59629960937502
STATION_03,2024-11-16,213.43,226.74354387207032
STATION_03,2024-11-17,227.92999999999995,226.64881425781252
STATION_03,2024-11-18,197.13999999999993,226.63141923828127
STATION_03,2024-11-19,226.47999999999996,226.83319536132814
STATION_03,2024-11-20,263.22999999999996,227.0383131591797
STATION_03,2024-11-21,230.4199999999999,226.7875563232422
STATION_03,2024-11-22,234.61,226.81193376464844
STATION_03,2024-11-23,204.79999999999995,226.89713579101564
STATION_03,2024-11-24,217.67000000000004,226.9742445556641
STATION_03,2024-11-25,222.50000000000006,226.9189802734375
STATION_03,2024-11-26,223.64999999999995,226.80518632812502
STATION_03,2024-11-27,255.62999999999994,227.39537797851563
STATION_03,2024-11-28,241.14999999999992,226.86815019531252
STATION_03,2024-11-29,207.77000000000004,226.97709489746094
STATION_03,2024-11-30,234.92999999999998,227.01874223632814
STATION_03,2024-12-01,239.95999999999998,224.6148773075227
STATION_03,2024-12-02,252.79999999999995,224.36054686318678
STATION_03,2024-12-03,261.61,224.52457579385083
STATION_03,2024-12-04,209.6999999999999,224.08978270303052
STATION_03,2024-12-05,213.78000000000003,224.3627258182649
STATION_03,2024-12-06,204.8499999999999,224.7244903446321
STATION_03,2024-12-07,225.32000000000005,224.6352355838899
STATION_03,2024-12-08,239.32999999999993,224.62387388955398
STATION_03,2024-12-09,249.75000000000003,224.70826414834303
STATION_03,2024-12-10,228.48000000000008,225.35648192178053
STATION_03,2024-12-11,223.5999999999999,224.9761016727571
STATION_03,2024-12-12,233.0399999999999,224.8791595340852
STATION_03,2024-12-13,213.29999999999998,224.76833189736647
STATION_03,2024-12-14,271.79,224.85152281533522
STATION_03,2024-12-15,197.84999999999997,224.17276915322583
STATION_03,2024-12-16,233.69,224.29443358193677
STATION_03,2024-12-17,270.4700000000001,224.3127715946321
STATION_03,2024-12-18,230.14000000000004,224.38769224892897
STATION_03,2024-12-19,226.20000000000005,224.01989744912427
STATION_03,2024-12-20,222.85000000000008,223.96317442666333
STATION_03,2024-12-21,226.38999999999996,225.5252532840852
STATION_03,2024-12-22,257.4600000000001,224.8690734745149
STATION_03,2024-12-23,185.7599999999999,224.5221984745149
STATION_03,2024-12-24,260.66999999999996,224.68223875771804
STATION_03,2024-12-25,201.52000000000004,224.60665587197585
STATION_03,2024-12-26,224.66999999999993,224.54277037392896
STATION_03,2024-12-27,221.42,224.8137695194368
STATION_03,2024-12-28,241.77,224.14172056924147
STATION_03,2024-12-29,198.03999999999996,224.81491087685865
STATION_03,2024-12-30,239.23999999999998,224.7337676883821
STATION_03,2024-12-31,270.48999999999995,225.08214720498364
STATION_04,2024-08-07,43.17000000000001,47.781071435052
STATION_04,2024-08-08,46.76,46.47862316234692
STATION_04,2024-08-09,57.58999999999999,47.30683590038403
STATION_04,2024-08-10,65.49000000000002,45.2704642878352
STATION_04,2024-08-11,35.0,46.21290050609692
STATION_04,2024-08-12,23.940000000000005,45.84674221141918
STATION_04,2024-08-13,27.16,45.617884789544185
STATION_04,2024-08-14,38.260000000000005,45.873298607903564
STATION_04,2024-08-15,40.96000000000001,47.05164638622387
STATION_04,2024-08-16,32.60000000000001,47.45485454662426
STATION_04,2024-08-17,22.08,47.87915035350903
STATION_04,2024-08-18,38.88,47.27253643138989
STATION_04,2024-08-19,51.629999999999995,44.61190487011059
STATION_04,2024-08-20,59.89999999999999,47.570077477532465
STATION_04,2024-08-21,36.849999999999994,48.377999840813715
STATION_04,2024-08-22,39.74,47.503467522698486
STATION_04,2024-08-23,29.470000000000006,47.333948479729735
STATION_04,2024-08-24,47.370000000000005,47.298593102532465
STATION_04,2024-08-25,31.03,46.08713604076489
STATION_04,2024-08-26,59.46000000000002,48.28324886425122
STATION_04,2024-08-27,12.279999999999998,48.77830425365551
STATION_04,2024-08-28,40.81000000000001,47.8258842097102
STATION_04,2024-08-29,54.01999999999999,46.69841915233715
STATION_04,2024-08-30,51.680000000000014,47.44524913890942
STATION_04,2024-08-31,101.85999999999997,48.10855785472973
STATION_04,2024-09-01,55.00000000000002,48.22461984659831
STATION_04,2024-09-02,27.919999999999995,49.76051767374675
STATION_04,2024-09-03,46.09,49.04317529703776
STATION_04,2024-09-04,12.48,48.778457432047524
STATION_04,2024-09-05,46.39000000000001,46.841129856363935
STATION_04,2024-09-06,31.339999999999996,48.69955881144206
STATION_04,2024-09-07,66.31,47.49653680826823
STATION_04,2024-09-08,37.01,49.19382913614909
STATION_04,2024-09-09,45.660000000000004,48.321599369303385
STATION_04,2024-09-10,35.28999999999999,47.8943074991862
STATION_04,2024-09-11,82.78,45.83484094645182
STATION_04,2024-09-12,41.57999999999999,46.73590066935221
STATION_04,2024-09-13,84.65000000000002,47.62183664347331
STATION_04,2024-09-14,64.27999999999997,48.15502374674479
STATION_04,2024-09-15,57.63999999999998,45.86729639078776
STATION_04,2024-09-16,55.37000000000002,48.28392541910807
STATION_04,2024-09-17,55.880000000000024,46.954046421305335
STATION_04,2024-09-18,10.000000000000002,47.80037439371745
STATION_04,2024-09-19,42.42,48.29014413859049
STATION_04,2024-09-20,64.89999999999998,49.4452726175944
STATION_04,2024-09-21,47.02000000000001,46.244399051920574
STATION_04,2024-09-22,19.899999999999995,50.24804666544596
STATION_04,2024-09-23,46.95,49.27779138590495
STATION_04,2024-09-24,82.08000000000003,48.687758426920574
STATION_04,2024-09-25,72.94000000000003,48.0168302347819
STATION_04,2024-09-26,46.76,46.6562589457194
STATION_04,2024-09-27,67.02999999999999,47.83665369059245
STATION_04,2024-09-28,40.67000000000001,47.53504083658854
STATION_04,2024-09-29,13.920000000000002,49.41306589152018
STATION_04,2024-09-30,29.509999999999994,47.677347355143226
STATION_04,2024-10-01,171.26000000000008,137.57064502150013
STATION_04,2024-10-02,134.52000000000004,140.28331439405872
STATION_04,2024-10-03,135.13,139.39259478956654
STATION_04,2024-10-04,134.00000000000003,141.47909381300406
STATION_04,2024-10-05,178.08000000000007,141.902906679215
STATION_04,2024-10-06,172.52000000000004,142.2067976704259
STATION_04,2024-10-07,184.38000000000002,141.55893084913686
STATION_04,2024-10-08,136.81999999999994,141.9684126606603
STATION_04,2024-10-09,145.90999999999994,141.2949995747228
STATION_04,2024-10-10,109.67000000000002,141.59100177198843
STATION_04,2024-10-11,169.53999999999996,142.41488482862906
STATION_04,2024-10-12,116.64000000000001,141.6519850483556
STATION_04,2024-10-13,144.34,142.16681964308216
STATION_04,2024-10-14,118.05000000000004,140.55888812452747
STATION_04,2024-10-15,128.22000000000003,141.93968646437122
STATION_04,2024-10-16,123.25,141.93324725538685
STATION_04,2024-10-17,127.84000000000003,141.55808856398062
STATION_04,2024-10-18,129.22000000000003,141.92277667433217
STATION_04,2024-10-19,129.03000000000006,140.3192885151525
STATION_04,2024-10-20,156.66999999999996,138.7573775044103
STATION_04,2024-10-21,117.90000000000006,141.60539386183217
STATION_04,2024-10-22,144.40999999999997,141.87623431593374
STATION_04,2024-10-23,164.36000000000004,141.6267195454259
STATION_04,2024-10-24,129.74000000000004,141.81200396925405
STATION_04,2024-10-25,125.63999999999999,141.8101149311681
STATION_04,2024-10-26,135.39,141.00000445753528
STATION_04,2024-10-27,163.59000000000003,141.58109271437124
STATION_04,2024-10-28,143.87999999999994,141.28477313429312
STATION_04,2024-10-29,129.37999999999997,141.41082904249623
STATION_04,2024-10-30,149.68000000000004,141.22262713819936
STATION_04,2024-10-31,117.94999999999996,141.85564105421497
STATION_04,2024-11-01,243.6299999999999,232.5894608968099
STATION_04,2024-11-02,238.16999999999987,231.10644392903646
STATION_04,2024-11-03,223.83999999999997,232.78700728352865
STATION_04,2024-11-04,213.23000000000005,232.5345078938802
STATION_04,2024-11-05,212.2700000000001,232.82787947591146
STATION_04,2024-11-06,240.70000000000002,233.47197737630208
STATION_04,2024-11-07,254.57999999999998,232.7208055013021
STATION_04,2024-11-08,217.24999999999991,232.85348067220053
STATION_04,2024-11-09,239.17000000000007,232.93263106282552
STATION_04,2024-11-10,188.26,232.52681136067707
STATION_04,2024-11-11,218.31,233.0065965169271
STATION_04,2024-11-12,229.38000000000002,233.25223250325521
STATION_04,2024-11-13,211.81,233.18061385091147
STATION_04,2024-11-14,211.26999999999992,233.20838789876302
STATION_04,2024-11-15,216.64,233.25263533528647
STATION_04,2024-11-16,235.83999999999995,233.27415938313803
STATION_04,2024-11-17,226.24999999999994,232.73091292317707
STATION_04,2024-11-18,185.24000000000007,232.10478682454428
STATION_04,2024-11-19,187.58999999999997,233.2190019124349
STATION_04,2024-11-20,217.86000000000007,233.37651228841145
STATION_04,2024-11-21,239.14999999999995,232.94139876302083
STATION_04,2024-11-22,175.04999999999998,233.1706346028646
STATION_04,2024-11-23,220.01000000000005,232.7488633626302
STATION_04,2024-11-24,219.48000000000002,233.10574812825521
STATION_04,2024-11-25,257.77000000000004,233.07841658528645
STATION_04,2024-11-26,222.29999999999993,232.8715684407552
STATION_04,2024-11-27,237.66,232.77689070638021
STATION_04,2024-11-28,232.82999999999998,232.71265730794272
STATION_04,2024-11-29,187.38999999999996,232.93722701009114
STATION_04,2024-11-30,245.36000000000007,233.33473372395832
STATION_04,2024-12-01,234.31000000000006,228.63985424410913
STATION_04,2024-12-02,240.17,228.62462292086693
STATION_04,2024-12-03,308.5200000000001,228.660819820281
STATION_04,2024-12-04,188.31999999999994,228.28888073336694
STATION_04,2024-12-05,264.49000000000007,228.2982740439138
STATION_04,2024-12-06,224.24999999999991,228.32021007907005
STATION_04,2024-12-07,235.74999999999994,228.33171520602318
STATION_04,2024-12-08,229.08999999999997,228.26114941012474
STATION_04,2024-12-09,221.52000000000004,228.2076002157888
STATION_04,2024-12-10,218.59999999999997,228.56745739352317
STATION_04,2024-12-11,236.5899999999999,228.940067867156
STATION_04,2024-12-12,199.6599999999999,228.34370251071067
STATION_04,2024-12-13,245.01000000000002,228.98292065035912
STATION_04,2024-12-14,221.67999999999998,228.66956615817162
STATION_04,2024-12-15,207.39999999999998,228.546317867156
STATION_04,2024-12-16,220.99999999999997,228.39371776949974
STATION_04,2024-12-17,255.14000000000004,228.50707531344506
STATION_04,2024-12-18,219.29,228.79924450289818
STATION_04,2024-12-19,237.17000000000004,228.71039562594507
STATION_04,2024-12-20,215.38000000000008,228.68356762301536
STATION_04,2024-12-21,245.16000000000005,228.73189525973413
STATION_04,2024-12-22,243.71000000000006,228.58007336032006
STATION_04,2024-12-23,266.97000000000014,227.68049145114037
STATION_04,2024-12-24,226.4900000000001,227.98551464449974
STATION_04,2024-12-25,243.37000000000006,228.3637708700857
STATION_04,2024-12-26,231.96,228.41722240817163
STATION_04,2024-12-27,255.92000000000002,227.6616224325857
STATION_04,2024-12-28,215.62,227.7372144736013
STATION_04,2024-12-29,244.90000000000003,228.30888500582788
STATION_04,2024-12-30,226.1100000000001,228.47265453707786
STATION_04,2024-12-31,228.7199999999999,228.35877514254662
STATION_05,2024-08-07,58.000000000000014,40.011509841506545
STATION_05,2024-08-08,37.33,37.72353109699971
STATION_05,2024-08-09,72.42000000000002,40.584987777297556
STATION_05,2024-08-10,30.459999999999997,38.42960752827412
STATION_05,2024-08-11,82.24000000000002,38.27067655903584
STATION_05,2024-08-12,13.050000000000002,40.51017088276631
STATION_05,2024-08-13,56.7,38.30471243244892
STATION_05,2024-08-14,57.51000000000002,38.80328420979268
STATION_05,2024-08-15,32.09000000000001,40.43428053242451
STATION_05,2024-08-16,56.49,37.102618545119824
STATION_05,2024-08-17,73.59,38.694475692336624
STATION_05,2024-08-18,10.000000000000002,39.86155180317647
STATION_05,2024-08-19,58.049999999999976,38.84828962666279
STATION_05,2024-08-20,10.000000000000002,38.93812193257099
STATION_05,2024-08-21,28.689999999999998,40.44321684223897
STATION_05,2024-08-22,80.57999999999998,40.45649198872334
STATION_05,2024-08-23,36.36,42.73342832905537
STATION_05,2024-08-24,24.520000000000003,42.53851332051045
STATION_05,2024-08-25,44.04,40.349391311233106
STATION_05,2024-08-26,89.36,40.73087400776631
STATION_05,2024-08-27,11.370000000000001,41.26917051655537
STATION_05,2024-08-28,26.970000000000002,39.159879439895214
STATION_05,2024-08-29,77.95000000000003,40.56948179585225
STATION_05,2024-08-30,85.14999999999998,41.092599624221386
STATION_05,2024-08-31,45.93,40.28185057026631
STATION_05,2024-09-01,23.220000000000002,47.037959269205736
STATION_05,2024-09-02,89.92000000000003,46.70305326334636
STATION_05,2024-09-03,79.89000000000003,46.7050414835612
STATION_05,2024-09-04,61.58000000000001,45.7420760904948
STATION_05,2024-09-05,31.75,45.762682322184254
STATION_05,2024-09-06,47.02000000000001,45.64806211344402
STATION_05,2024-09-07,44.79,46.82967603556316
STATION_05,2024-09-08,54.61999999999999,45.55205991617839
STATION_05,2024-09-09,77.01999999999998,45.80148771158855
STATION_05,2024-09-10,65.58999999999999,46.556556681315115
STATION_05,2024-09-11,26.45,44.071990183512376
STATION_05,2024-09-12,75.53000000000003,44.19456022135417
STATION_05,2024-09-13,54.26,44.390838602701834
STATION_05,2024-09-14,61.74000000000001,46.85021283976238
STATION_05,2024-09-15,77.33000000000003,44.92369611612956
STATION_05,2024-09-16,25.770000000000003,45.591750315348314
STATION_05,2024-09-17,47.279999999999994,47.07242200724285
STATION_05,2024-09-18,37.370000000000005,44.79342115275066
STATION_05,2024-09-19,16.640000000000004,47.56935880533855
STATION_05,2024-09-20,54.92999999999998,46.715788248697926
STATION_05,2024-09-21,98.23000000000003,48.062016276041675
STATION_05,2024-09-22,11.2,46.07387769571941
STATION_05,2024-09-23,47.35,47.36499250284832
STATION_05,2024-09-24,60.81000000000002,44.91987607828777
STATION_05,2024-09-25,50.46,45.62278669230144
STATION_05,2024-09-26,45.739999999999995,46.932038096110034
STATION_05,2024-09-27,22.019999999999996,45.58184507242839
STATION_05,2024-09-28,52.65999999999999,46.76479032389324
STATION_05,2024-09-29,32.85999999999999,45.38017423502605
STATION_05,2024-09-30,10.000000000000002,45.73878553263347
STATION_05,2024-10-01,163.88999999999996,140.17678128543977
STATION_05,2024-10-02,159.17000000000004,141.62098294559604
STATION_05,2024-10-03,141.02999999999994,141.41516019168978
STATION_05,2024-10-04,144.57999999999998,143.77157193485385
STATION_05,2024-10-05,161.49,142.04914151493196
STATION_05,2024-10-06,144.49000000000007,143.40565091434604
STATION_05,2024-10-07,158.07999999999998,144.01715909305696
STATION_05,2024-10-08,134.04999999999998,142.2641134387601
STATION_05,2024-10-09,166.24000000000007,144.1157980090726
STATION_05,2024-10-10,146.41999999999996,142.5750021106351
STATION_05,2024-10-11,143.87999999999994,144.32206326786167
STATION_05,2024-10-12,114.60000000000001,143.18502408329135
STATION_05,2024-10-13,145.74000000000004,143.1107473498929
STATION_05,2024-10-14,123.35999999999996,142.98570157352572
STATION_05,2024-10-15,127.23000000000002,143.43659268680696
STATION_05,2024-10-16,123.68999999999997,143.7002493030179
STATION_05,2024-10-17,118.68000000000004,143.4531515246976
STATION_05,2024-10-18,182.50000000000006,143.55277310672884
STATION_05,2024-10-19,166.63000000000002,142.07775174442415
STATION_05,2024-10-20,178.41000000000005,143.1812795764554
STATION_05,2024-10-21,115.53999999999995,142.50096036258822
STATION_05,2024-10-22,141.43,142.92128812137727
STATION_05,2024-10-23,114.12999999999995,142.5874807483304
STATION_05,2024-10-24,126.09000000000006,143.66195584598665
STATION_05,2024-10-25,121.64000000000001,143.32101651493196
STATION_05,2024-10-26,164.79000000000005,143.11071988407258
STATION_05,2024-10-27,132.08000000000004,142.60920010868196
STATION_05,2024-10-28,161.36999999999998,142.7428762561429
STATION_05,2024-10-29,152.07999999999998,142.45919095340852
STATION_05,2024-10-30,186.07,142.57715054813508
STATION_05,2024-10-31,110.41000000000003,142.02591763797884
STATION_05,2024-11-01,255.18,230.26501003417974
STATION_05,2024-11-02,252.93,228.20654140625004
STATION_05,2024-11-03,210.52999999999997,230.381037866211
STATION_05,2024-11-04,250.14000000000001,230.50018764648442
STATION_05,2024-11-05,236.72000000000006,230.7268172851563
STATION_05,2024-11-06,225.45000000000005,230.9282333007813
STATION_05,2024-11-07,213.52,230.5890273681641
STATION_05,2024-11-08,215.62,230.85344387207036
STATION_05,2024-11-09,271.0000000000001,231.05193325195316
STATION_05,2024-11-10,230.00999999999993,230.78278957519535
STATION_05,2024-11-11,245.64,230.49963833007817
STATION_05,2024-11-12,214.18,230.47656704101567
STATION_05,2024-11-13,214.39999999999998,231.08130642089847
STATION_05,2024-11-14,251.63999999999996,231.04317470703128
STATION_05,2024-11-15,203.01000000000005,230.80930019531255
STATION_05,2024-11-16,221.70000000000007,231.11953579101566
STATION_05,2024-11-17,230.67999999999992,230.5627090087891
STATION_05,2024-11-18,232.2299999999999,230.63997341308598
STATION_05,2024-11-19,226.42000000000004,230.6974471679688
STATION_05,2024-11-20,237.9199999999999,230.6056502929688
STATION_05,2024-11-21,243.85999999999999,230.50461269531255
STATION_05,2024-11-22,244.69000000000005,231.16377712402348
STATION_05,2024-11-23,210.28000000000006,228.7153945556641
STATION_05,2024-11-24,224.31999999999994,231.0630019775391
STATION_05,2024-11-25,253.89999999999995,231.0559249511719
STATION_05,2024-11-26,247.88999999999996,230.5801131835938
STATION_05,2024-11-27,202.53999999999996,230.6058944335938
STATION_05,2024-11-28,237.02999999999994,231.0344588867188
STATION_05,2024-11-29,190.44000000000008,230.95624538574222
STATION_05,2024-11-30,230.94000000000005,230.8804824462891
STATION_05,2024-12-01,267.96000000000004,232.58920661384832
STATION_05,2024-12-02,211.04000000000005,232.1755835669733
STATION_05,2024-12-03,213.30999999999995,232.6594214575983
STATION_05,2024-12-04,245.28000000000003,232.99377814705144
STATION_05,2024-12-05,199.13999999999993,232.6455084937311
STATION_05,2024-12-06,217.3400000000001,233.1093756812311
STATION_05,2024-12-07,241.92999999999992,233.0039282935358
STATION_05,2024-12-08,217.31000000000006,232.903241648028
STATION_05,2024-12-09,225.28,232.9647925513483
STATION_05,2024-12-10,244.8800000000001,232.54397651130924
STATION_05,2024-12-11,238.42999999999998,232.55156928474673
STATION_05,2024-12-12,235.34,232.62809211189517
STATION_05,2024-12-13,223.2199999999999,232.84324103767642
STATION_05,2024-12-14,237.40000000000003,232.5918433325983
STATION_05,2024-12-15,227.5300000000001,232.54014655525455
STATION_05,2024-12-16,239.15999999999994,232.54588080818425
STATION_05,2024-12-17,220.05999999999992,232.53607245857486
STATION_05,2024-12-18,226.34999999999994,232.851776804278
STATION_05,2024-12-19,210.19999999999996,232.6765357154108
STATION_05,2024-12-20,229.29999999999998,232.94893561775456
STATION_05,2024-12-21,213.78000000000003,232.9095130103327
STATION_05,2024-12-22,207.72000000000003,233.0159339087702
STATION_05,2024-12-23,235.16999999999993,232.72358466560613
STATION_05,2024-12-24,234.25000000000009,232.83963385994207
STATION_05,2024-12-25,245.66000000000005,232.886200632403
STATION_05,2024-12-26,221.37999999999997,232.5340796607233
STATION_05,2024-12-27,238.16000000000003,231.21998053962955
STATION_05,2024-12-28,241.0199999999999,232.26893683845768
STATION_05,2024-12-29,238.90000000000003,233.1918921607233
STATION_05,2024-12-30,213.49,232.7415015357233
STATION_05,2024-12-31,232.99000000000007,232.94567328865298
STATION_06,2024-08-07,46.440000000000005,43.80299675853833
STATION_06,2024-08-08,11.159999999999998,45.41348030956372
STATION_06,2024-08-09,65.84000000000002,44.4239135065852
STATION_06,2024-08-10,36.20000000000001,47.09188607128247
STATION_06,2024-08-11,61.97,46.588400200921136
STATION_06,2024-08-12,48.500000000000014,44.43831551464184
STATION_06,2024-08-13,17.140000000000004,44.83235848339184
STATION_06,2024-08-14,51.28999999999999,45.64476082714184
STATION_06,2024-08-15,91.92,47.175227288323484
STATION_06,2024-08-16,57.86000000000002,44.71173012645825
STATION_06,2024-08-17,46.85000000000001,45.14924309642895
STATION_06,2024-08-18,69.51000000000003,45.01377480419262
STATION_06,2024-08-19,52.209999999999994,44.74783623607739
STATION_06,2024-08-20,52.190000000000005,46.71799080761059
STATION_06,2024-08-21,26.169999999999998,43.68133690746411
STATION_06,2024-08-22,52.68,45.490638665276606
STATION_06,2024-08-23,68.71000000000001,43.578042534905514
STATION_06,2024-08-24,31.28,44.732137993889886
STATION_06,2024-08-25,76.49,44.81333992870434
STATION_06,2024-08-26,46.169999999999995,45.47502129467114
STATION_06,2024-08-27,30.24,47.59054863842114
STATION_06,2024-08-28,67.94999999999999,42.9345336237727
STATION_06,2024-08-29,42.25999999999999,45.48637841137035
STATION_06,2024-08-30,63.190000000000026,46.64809105785473
STATION_06,2024-08-31,42.160000000000004,44.43811638744457
STATION_06,2024-09-01,46.79999999999999,47.037481846110026
STATION_06,2024-09-02,57.87,47.886316837565104
STATION_06,2024-09-03,53.819999999999986,47.261071171061204
STATION_06,2024-09-04,10.000000000000002,49.338950504557296
STATION_06,2024-09-05,25.58,47.17071167399089
STATION_06,2024-09-06,66.58999999999999,48.73072525431316
STATION_06,2024-09-07,45.36000000000001,48.19312454630534
STATION_06,2024-09-08,37.53,48.57710434366862
STATION_06,2024-09-09,20.829999999999995,48.548607029215496
STATION_06,2024-09-10,26.410000000000004,49.56657654215495
STATION_06,2024-09-11,10.000000000000002,46.775483097330735
STATION_06,2024-09-12,45.97,47.81850067545573
STATION_06,2024-09-13,36.03,48.916356052653
STATION_06,2024-09-14,28.67000000000001,49.16308227945964
STATION_06,2024-09-15,46.64,50.458947147623704
STATION_06,2024-09-16,55.279999999999994,46.277891697184245
STATION_06,2024-09-17,89.86000000000001,47.76867844034831
STATION_06,2024-09-18,17.76,48.287072910563154
STATION_06,2024-09-19,71.18999999999997,48.868796695963546
STATION_06,2024-09-20,67.46000000000001,47.71087280680339
STATION_06,2024-09-21,32.42000000000001,47.51526199747722
STATION_06,2024-09-22,52.06000000000001,49.12975098063151
STATION_06,2024-09-23,38.849999999999994,47.85220810343425
STATION_06,2024-09-24,51.71,47.35471817423503
STATION_06,2024-09-25,78.18000000000004,46.14943252970378
STATION_06,2024-09-26,60.11000000000002,47.48563095499675
STATION_06,2024-09-27,58.16999999999998,47.97646652628581
STATION_06,2024-09-28,39.39,46.79917160441081
STATION_06,2024-09-29,18.320000000000004,48.50439850260417
STATION_06,2024-09-30,43.82999999999999,48.65405670572917
STATION_06,2024-10-01,164.12999999999994,138.80826755843623
STATION_06,2024-10-02,109.46000000000004,140.1927798875378
STATION_06,2024-10-03,118.89999999999996,140.07736240706905
STATION_06,2024-10-04,142.52999999999994,140.1894412644909
STATION_06,2024-10-05,120.31000000000004,142.77117954574092
STATION_06,2024-10-06,124.14999999999999,142.86256443343623
STATION_06,2024-10-07,131.52999999999994,142.35269810042843
STATION_06,2024-10-08,112.68999999999998,142.97401462874873
STATION_06,2024-10-09,120.52000000000002,142.6552859910534
STATION_06,2024-10-10,154.07000000000002,141.19118992171747
STATION_06,2024-10-11,113.85000000000002,142.3895358689831
STATION_06,2024-10-12,108.04000000000002,141.79747654281124
STATION_06,2024-10-13,127.39999999999998,141.23891636214717
STATION_06,2024-10-14,154.64000000000001,141.86337620101435
STATION_06,2024-10-15,136.05999999999997,141.53746677718624
STATION_06,2024-10-16,130.71,141.83131443343623
STATION_06,2024-10-17,140.88999999999993,141.54068638167843
STATION_06,2024-10-18,105.08999999999997,141.71342197738153
STATION_06,2024-10-19,149.88999999999993,141.58575474105342
STATION_06,2024-10-20,147.67000000000004,141.65403477035028
STATION_06,2024-10-21,131.81000000000003,141.93621860824092
STATION_06,2024-10-22,160.12000000000006,141.07850986800653
STATION_06,2024-10-23,117.44999999999997,141.3632907517956
STATION_06,2024-10-24,162.55999999999992,141.89865146956905
STATION_06,2024-10-25,143.09,141.58200107894405
STATION_06,2024-10-26,133.27,141.85868259749873
STATION_06,2024-10-27,139.6,141.16644932113155
STATION_06,2024-10-28,137.84999999999994,141.43727756820186
STATION_06,2024-10-29,164.41000000000008,141.69267002425653
STATION_06,2024-10-30,118.46999999999998,141.17195164046748
STATION_06,2024-10-31,124.74999999999999,142.26601597152217
STATION_06,2024-11-01,250.72999999999996,235.03349878743492
STATION_06,2024-11-02,218.09000000000003,234.97749597981772
STATION_06,2024-11-03,248.01,236.31896021321617
STATION_06,2024-11-04,263.99,235.53946497395836
STATION_06,2024-11-05,221.95999999999995,235.07209436848962
STATION_06,2024-11-06,243.6299999999999,235.2691128011068
STATION_06,2024-11-07,206.92999999999998,235.7033169026693
STATION_06,2024-11-08,245.08999999999997,235.85830957845053
STATION_06,2024-11-09,233.98999999999995,235.89925196126305
STATION_06,2024-11-10,239.46000000000004,235.63315088704428
STATION_06,2024-11-11,217.08999999999997,235.8069088216146
STATION_06,2024-11-12,196.78000000000006,235.89556238606772
STATION_06,2024-11-13,240.07000000000002,236.25447351888022
STATION_06,2024-11-14,188.72999999999996,235.84963953450523
STATION_06,2024-11-15,223.64999999999995,236.382244514974
STATION_06,2024-11-16,248.81999999999994,236.0751705403646
STATION_06,2024-11-17,233.83999999999997,236.03717005208335
STATION_06,2024-11-18,268.9699999999999,236.39447290852866
STATION_06,2024-11-19,250.5,235.82711756184898
STATION_06,2024-11-20,216.91999999999993,235.6801754231771
STATION_06,2024-11-21,230.5500000000001,235.1388393636068
STATION_06,2024-11-22,229.04999999999993,236.09217188313804
STATION_06,2024-11-23,198.35999999999999,235.8706508870443
STATION_06,2024-11-24,211.18999999999994,236.22689173177085
STATION_06,2024-11-25,218.78000000000003,236.0403316731771
STATION_06,2024-11-26,189.28000000000006,236.61840174153647
STATION_06,2024-11-27,230.95000000000007,236.31191675618493
STATION_06,2024-11-28,225.01999999999992,236.20716211751304
STATION_06,2024-11-29,196.54000000000005,236.57964441731772
STATION_06,2024-11-30,238.07999999999998,236.50807154134117
STATION_06,2024-12-01,244.32000000000005,220.9295567351311
STATION_06,2024-12-02,234.54,220.91803024587327
STATION_06,2024-12-03,223.51999999999992,221.37093246755296
STATION_06,2024-12-04,241.83000000000007,221.06030319509202
STATION_06,2024-12-05,243.59999999999997,221.09434555349046
STATION_06,2024-12-06,236.1500000000001,221.04939926442796
STATION_06,2024-12-07,213.51,220.9427403288811
STATION_06,2024-12-08,235.5300000000001,220.81312301931078
STATION_06,2024-12-09,253.90999999999997,220.7717747527092
STATION_06,2024-12-10,218.07000000000005,221.24525192556078
STATION_06,2024-12-11,271.96000000000004,220.94738510427172
STATION_06,2024-12-12,219.48999999999995,220.81409653005295
STATION_06,2024-12-13,230.65000000000003,221.1257969695061
STATION_06,2024-12-14,216.54999999999995,220.5259220915764
STATION_06,2024-12-15,234.47,220.8646672087639
STATION_06,2024-12-16,195.16000000000005,220.90705612477953
STATION_06,2024-12-17,219.07999999999998,220.97803390798265
STATION_06,2024-12-18,208.16,222.30942123708422
STATION_06,2024-12-19,232.70999999999998,221.51405380544358
STATION_06,2024-12-20,249.88999999999993,221.1504551726311
STATION_06,2024-12-21,242.91999999999993,221.11060226735765
STATION_06,2024-12-22,182.56999999999994,220.98569382009202
STATION_06,2024-12-23,270.83999999999986,221.3755772429436
STATION_06,2024-12-24,235.9099999999999,219.0552647429436
STATION_06,2024-12-25,214.47000000000003,221.06045273122484
STATION_06,2024-12-26,233.14000000000007,220.66993149099045
STATION_06,2024-12-27,233.5200000000001,220.2413548308342
STATION_06,2024-12-28,216.66000000000005,221.0789463835686
STATION_06,2024-12-29,233.96,221.1654515105217
STATION_06,2024-12-30,217.8499999999999,220.96203659352952
STATION_06,2024-12-31,221.91000000000008,221.18467453298265
STATION_07,2024-08-07,78.57000000000001,49.580352734539964
STATION_07,2024-08-08,46.38000000000001,49.94102778336809
STATION_07,2024-08-09,27.83,49.06736521622942
STATION_07,2024-08-10,10.000000000000002,48.3289817323427
STATION_07,2024-08-11,18.560000000000002,48.54467921159075
STATION_07,2024-08-12,20.519999999999996,49.80725779435442
STATION_07,2024-08-13,75.57,47.7381988038759
STATION_07,2024-08-14,50.32000000000001,49.74352793595598
STATION_07,2024-08-15,55.789999999999985,50.75255198380754
STATION_07,2024-08-16,10.000000000000002,50.63682093522356
STATION_07,2024-08-17,24.04,52.39319682023333
STATION_07,2024-08-18,65.73999999999997,48.68607020280169
STATION_07,2024-08-19,53.739999999999995,49.87722010514543
STATION_07,2024-08-20,45.06000000000001,51.53238139054582
STATION_07,2024-08-21,59.300000000000004,50.576148175213795
STATION_07,2024-08-22,80.71999999999998,49.42956385514543
STATION_07,2024-08-23,43.58,51.30786051652239
STATION_07,2024-08-24,49.39,48.58231730363176
STATION_07,2024-08-25,51.850000000000016,48.6373198976259
STATION_07,2024-08-26,95.84000000000003,49.93459315202043
STATION_07,2024-08-27,10.000000000000002,49.98926615617083
STATION_07,2024-08-28,61.65999999999999,51.53214640519426
STATION_07,2024-08-29,45.699999999999996,48.407552288983325
STATION_07,2024-08-30,59.34000000000002,48.65494379899309
STATION_07,2024-08-31,34.849999999999994,49.75210795304582
STATION_07,2024-09-01,47.02000000000001,44.99116988932292
STATION_07,2024-09-02,62.230000000000004,43.30395599161784
STATION_07,2024-09-03,110.26,43.08393951212565
STATION_07,2024-09-04,64.15999999999998,43.99557662760417
STATION_07,2024-09-05,31.040000000000006,43.87547088419597
STATION_07,2024-09-06,39.52,40.81856437479655
STATION_07,2024-09-07,38.92999999999999,43.36236663614909
STATION_07,2024-09-08,12.09,46.08560729777019
STATION_07,2024-09-09,41.400000000000006,44.19036193644206
STATION_07,2024-09-10,62.65999999999998,44.73822189127605
STATION_07,2024-09-11,22.520000000000003,42.93743835245769
STATION_07,2024-09-12,68.96999999999997,42.79050308024089
STATION_07,2024-09-13,57.75999999999998,44.2935449198405
STATION_07,2024-09-14,33.31999999999999,44.51401611124675
STATION_07,2024-09-15,45.17,43.97758346354167
STATION_07,2024-09-16,79.97,43.30121780192058
STATION_07,2024-09-17,62.67,42.3835221842448
STATION_07,2024-09-18,48.18,42.57455230509441
STATION_07,2024-09-19,43.25,41.80334144388835
STATION_07,2024-09-20,49.53,42.790429075113934
STATION_07,2024-09-21,37.76,44.52806411539714
STATION_07,2024-09-22,10.000000000000002,45.161966092936204
STATION_07,2024-09-23,88.84000000000005,44.5465104654948
STATION_07,2024-09-24,51.11000000000001,45.672969205729174
STATION_07,2024-09-25,55.959999999999994,43.228688199869794
STATION_07,2024-09-26,46.839999999999996,43.45512328898113
STATION_07,2024-09-27,33.29999999999999,43.82487121378581
STATION_07,2024-09-28,44.28,44.368170316569014
STATION_07,2024-09-29,16.009999999999998,45.878466184488936
STATION_07,2024-09-30,93.54000000000002,44.01074767862956
STATION_07,2024-10-01,115.31,139.60318869313886
STATION_07,2024-10-02,119.36000000000004,135.94237326345134
STATION_07,2024-10-03,131.19000000000005,138.99150961599042
STATION_07,2024-10-04,165.75999999999996,138.69713400563884
STATION_07,2024-10-05,140.29000000000005,138.7441921111076
STATION_07,2024-10-06,115.28000000000003,140.6653865691154
STATION_07,2024-10-07,165.09000000000003,138.649117648217
STATION_07,2024-10-08,154.62000000000003,138.8477809782951
STATION_07,2024-10-09,150.76999999999995,138.98028525075603
STATION_07,2024-10-10,154.31000000000003,138.61632345876384
STATION_07,2024-10-11,187.88999999999993,138.56969259938884
STATION_07,2024-10-12,183.69999999999993,137.7558650847404
STATION_07,2024-10-13,126.27,137.2903133269279
STATION_07,2024-10-14,172.47999999999993,135.88529776296306
STATION_07,2024-10-15,147.66000000000005,137.60428732595136
STATION_07,2024-10-16,149.97999999999996,138.48730124196697
STATION_07,2024-10-17,106.14999999999998,138.06853903493572
STATION_07,2024-10-18,136.58999999999997,137.083932101342
STATION_07,2024-10-19,123.74000000000004,137.30407065114667
STATION_07,2024-10-20,156.55999999999997,138.87833212575603
STATION_07,2024-10-21,161.41999999999993,138.55002402028728
STATION_07,2024-10-22,98.51000000000003,138.27841147145915
STATION_07,2024-10-23,139.55999999999995,137.9094936247795
STATION_07,2024-10-24,162.43999999999997,137.64904745778728
STATION_07,2024-10-25,136.26999999999995,138.3333797331779
STATION_07,2024-10-26,154.57999999999998,138.1759517546623
STATION_07,2024-10-27,147.01999999999998,137.3886958952873
STATION_07,2024-10-28,146.83,137.8384792204826
STATION_07,2024-10-29,134.56999999999996,137.4266658659904
STATION_07,2024-10-30,115.67000000000006,136.77037314138104
STATION_07,2024-10-31,117.57,138.26784018239667
STATION_07,2024-11-01,244.19,233.96323384602866
STATION_07,2024-11-02,230.38999999999996,234.51601704915367
STATION_07,2024-11-03,227.23000000000002,235.71667622884115
STATION_07,2024-11-04,221.52000000000004,235.64078816731774
STATION_07,2024-11-05,223.89999999999992,235.58688496907553
STATION_07,2024-11-06,250.94000000000008,235.62829427083335
STATION_07,2024-11-07,223.30000000000007,235.5938124593099
STATION_07,2024-11-08,203.1800000000001,235.40890034993492
STATION_07,2024-11-09,244.8700000000001,235.5864607747396
STATION_07,2024-11-10,225.90000000000006,235.2796248372396
STATION_07,2024-11-11,230.63000000000008,235.68190450032554
STATION_07,2024-11-12,262.14999999999986,235.64011372884116
STATION_07,2024-11-13,229.59000000000012,235.4039442952474
STATION_07,2024-11-14,235.77999999999992,235.76356953938804
STATION_07,2024-11-15,206.42000000000002,235.56271504720053
STATION_07,2024-11-16,225.61,235.85759419759117
STATION_07,2024-11-17,242.19000000000005,235.50979756673178
STATION_07,2024-11-18,198.89000000000004,235.83742513020835
STATION_07,2024-11-19,234.01999999999998,235.92692403157554
STATION_07,2024-11-20,232.01999999999995,235.73989095052085
STATION_07,2024-11-21,230.82999999999998,235.7886336263021
STATION_07,2024-11-22,250.7400000000001,235.98071736653648
STATION_07,2024-11-23,236.68999999999994,236.07678059895835
STATION_07,2024-11-24,259.56,235.83864278157554
STATION_07,2024-11-25,210.12999999999994,235.7383620198568
STATION_07,2024-11-26,232.71999999999997,236.0809920247396
STATION_07,2024-11-27,231.69000000000003,235.80096883138023
STATION_07,2024-11-28,208.6100000000001,236.13713521321617
STATION_07,2024-11-29,249.13000000000002,236.1538924153646
STATION_07,2024-11-30,276.48999999999995,236.07632588704428
STATION_07,2024-12-01,229.65999999999988,229.39519780509707
STATION_07,2024-12-02,240.10000000000005,229.47701238029236
STATION_07,2024-12-03,231.69000000000003,229.5328229271674
STATION_07,2024-12-04,215.73000000000008,229.47114385001893
STATION_07,2024-12-05,193.58,229.5251904808783
STATION_07,2024-12-06,215.88,229.378141530683
STATION_07,2024-12-07,202.16000000000005,231.12815373771426
STATION_07,2024-12-08,264.0799999999999,229.588834890058
STATION_07,2024-12-09,227.70000000000005,229.48433049552676
STATION_07,2024-12-10,223.08000000000004,229.60115483634706
STATION_07,2024-12-11,247.7800000000001,229.57557195060488
STATION_07,2024-12-12,207.56000000000006,229.76053593986268
STATION_07,2024-12-13,214.66,229.95806096427674
STATION_07,2024-12-14,231.35999999999993,229.9149823509955
STATION_07,2024-12-15,250.58,230.06275456779238
STATION_07,2024-12-16,240.03000000000003,229.63941472404238
STATION_07,2024-12-17,234.96999999999997,229.59904607169864
STATION_07,2024-12-18,231.5600000000001,229.56784489982363
STATION_07,2024-12-19,238.00000000000009,229.61464665763611
STATION_07,2024-12-20,234.02999999999997,229.29447148673768
STATION_07,2024-12-21,209.40000000000003,229.30510075919864
STATION_07,2024-12-22,230.92000000000007,229.42166570060488
STATION_07,2024-12-23,208.53000000000006,230.43452885978456
STATION_07,2024-12-24,231.62000000000003,229.09372990958926
STATION_07,2024-12-25,220.39000000000001,229.68234990470643
STATION_07,2024-12-26,280.79000000000013,229.41914800040956
STATION_07,2024-12-27,229.20000000000002,229.1339795433783
STATION_07,2024-12-28,201.91999999999993,230.3311414086127
STATION_07,2024-12-29,227.32,229.61545842521426
STATION_07,2024-12-30,240.39000000000004,229.63220647208925
STATION_07,2024-12-31,263.4700000000001,229.4296521508002
STATION_08,2024-08-07,43.660000000000004,39.996082159093916
STATION_08,2024-08-08,49.17,39.67193665128141
STATION_08,2024-08-09,35.92000000000001,39.95158905606657
STATION_08,2024-08-10,41.13999999999999,39.33573784451872
STATION_08,2024-08-11,10.000000000000002,38.866809316686684
STATION_08,2024-08-12,67.47,40.95126022916227
STATION_08,2024-08-13,53.98000000000001,42.69240555386931
STATION_08,2024-08-14,32.529999999999994,39.34478134732633
STATION_08,2024-08-15,85.97000000000004,40.86136002164274
STATION_08,2024-08-16,49.739999999999995,40.434089513830244
STATION_08,2024-08-17,27.280000000000005,39.850658651403485
STATION_08,2024-08-18,65.13000000000001,40.05507797818571
STATION_08,2024-08-19,55.959999999999994,40.175091405920085
STATION_08,2024-08-20,55.890000000000015,39.575501867345864
STATION_08,2024-08-21,39.480000000000004,40.032655187658364
STATION_08,2024-08-22,57.009999999999984,41.32945236783415
STATION_08,2024-08-23,42.75999999999999,39.48191971402555
STATION_08,2024-08-24,59.11999999999999,40.43141846280485
STATION_08,2024-08-25,10.000000000000002,37.44805855374723
STATION_08,2024-08-26,39.32,39.05249466519743
STATION_08,2024-08-27,82.44,40.386842199377114
STATION_08,2024-08-28,32.660000000000004,40.84402298550993
STATION_08,2024-08-29,35.92000000000001,40.52838348966032
STATION_08,2024-08-30,39.04,40.893553777746256
STATION_08,2024-08-31,23.7,43.084487768224776
STATION_08,2024-09-01,10.000000000000002,47.028212123616534
STATION_08,2024-09-02,43.39,42.73594680379232
STATION_08,2024-09-03,50.720000000000006,46.655592494710284
STATION_08,2024-09-04,46.95,45.448735957845045
STATION_08,2024-09-05,45.099999999999994,45.59940581868489
STATION_08,2024-09-06,48.85999999999999,43.722190242513015
STATION_08,2024-09-07,68.45999999999997,41.98791823933919
STATION_08,2024-09-08,44.18999999999999,44.8075387532552
STATION_08,2024-09-09,36.52,42.48235183308919
STATION_08,2024-09-10,42.38,43.35392928670247
STATION_08,2024-09-11,59.58999999999998,43.679332881673176
STATION_08,2024-09-12,76.24,41.30243163655599
STATION_08,2024-09-13,35.440000000000005,42.54927840779622
STATION_08,2024-09-14,49.980000000000004,43.777905421956376
STATION_08,2024-09-15,54.77,42.53883452962239
STATION_08,2024-09-16,28.15,42.425941615804035
STATION_08,2024-09-17,48.410000000000004,42.93625121663411
STATION_08,2024-09-18,18.69,42.36605468343099
STATION_08,2024-09-19,12.619999999999997,44.575845485432936
STATION_08,2024-09-20,55.32999999999998,45.4203675801595
STATION_08,2024-09-21,40.32000000000001,43.08658843587239
STATION_08,2024-09-22,52.04999999999999,42.8240182454427
STATION_08,2024-09-23,47.64,45.024324184163405
STATION_08,2024-09-24,28.469999999999995,45.27420363972981
STATION_08,2024-09-25,47.089999999999996,46.3375924641927
STATION_08,2024-09-26,23.340000000000003,43.47457595418294
STATION_08,2024-09-27,75.82,45.64295440266927
STATION_08,2024-09-28,20.880000000000003,44.39316497395833
STATION_08,2024-09-29,44.08,44.52065597127278
STATION_08,2024-09-30,27.15,42.360573726399736
STATION_08,2024-10-01,151.41000000000003,134.45037131032637
STATION_08,2024-10-02,133.37000000000003,134.27237448415448
STATION_08,2024-10-03,129.63,133.55254416188887
STATION_08,2024-10-04,157.06000000000006,134.91465353688886
STATION_08,2024-10-05,140.59000000000006,135.53886618337324
STATION_08,2024-10-06,150.33000000000004,135.2883717986076
STATION_08,2024-10-07,120.37000000000005,134.57753500661542
STATION_08,2024-10-08,111.90000000000005,134.65782065114666
STATION_08,2024-10-09,142.14000000000004,135.53542074880292
STATION_08,2024-10-10,133.62000000000003,135.63237204274824
STATION_08,2024-10-11,152.53,136.05974020681074
STATION_08,2024-10-12,138.4,135.354088351342
STATION_08,2024-10-13,144.09999999999997,134.6783589812248
STATION_08,2024-10-14,107.53000000000002,134.60085348806075
STATION_08,2024-10-15,177.77000000000007,135.3838002654045
STATION_08,2024-10-16,136.71999999999994,134.90978293142012
STATION_08,2024-10-17,153.95000000000002,135.64717611989667
STATION_08,2024-10-18,123.27999999999996,134.79854330739667
STATION_08,2024-10-19,146.16000000000003,135.25464071950606
STATION_08,2024-10-20,113.94000000000003,135.0636861296623
STATION_08,2024-10-21,149.04,135.65323080739668
STATION_08,2024-10-22,132.87999999999994,135.20265707692792
STATION_08,2024-10-23,140.58000000000004,134.9969350310295
STATION_08,2024-10-24,153.96000000000006,134.96454672536544
STATION_08,2024-10-25,115.35000000000001,134.84309591970137
STATION_08,2024-10-26,126.31000000000003,135.02414450368573
STATION_08,2024-10-27,149.14999999999998,134.38602194509198
STATION_08,2024-10-28,181.96000000000006,134.33257345876387
STATION_08,2024-10-29,137.24000000000007,133.66980490407636
STATION_08,2024-10-30,151.81999999999996,133.97717489919356
STATION_08,2024-10-31,137.85999999999999,134.32254538259198
STATION_08,2024-11-01,268.83999999999986,226.43927222493488
STATION_08,2024-11-02,195.06000000000006,225.7527243733724
STATION_08,2024-11-03,231.8900000000001,226.54345923665363
STATION_08,2024-11-04,197.49000000000004,226.6518454671224
STATION_08,2024-11-05,179.86999999999992,226.5693503499349
STATION_08,2024-11-06,235.94999999999996,227.15971289876302
STATION_08,2024-11-07,232.79000000000002,226.87148963216146
STATION_08,2024-11-08,224.29999999999995,227.07107154134115
STATION_08,2024-11-09,227.8799999999999,227.09903174641926
STATION_08,2024-11-10,291.9700000000001,226.83012915852865
STATION_08,2024-11-11,224.83999999999995,226.3044364095052
STATION_08,2024-11-12,240.20000000000007,226.46232215169272
STATION_08,2024-11-13,217.01000000000008,226.1734274983724
STATION_08,2024-11-14,235.89999999999998,226.18548194173178
STATION_08,2024-11-15,225.2400000000001,226.13813391927084
STATION_08,2024-11-16,221.79000000000008,226.23954688313802
STATION_08,2024-11-17,266.38000000000005,226.47217017415363
STATION_08,2024-11-18,253.54000000000002,226.3603629231771
STATION_08,2024-11-19,232.73000000000005,226.07524024251302
STATION_08,2024-11-20,183.91999999999996,226.1962332845052
STATION_08,2024-11-21,222.77999999999992,226.3157096028646
STATION_08,2024-11-22,284.06000000000006,226.58203040364583
STATION_08,2024-11-23,225.3899999999999,226.20049659016928
STATION_08,2024-11-24,252.05999999999997,226.53918677571613
STATION_08,2024-11-25,258.84,226.15563880208333
STATION_08,2024-11-26,234.38000000000002,226.15277014973958
STATION_08,2024-11-27,213.1599999999999,226.4013388753255
STATION_08,2024-11-28,181.28999999999996,226.2561911702474
STATION_08,2024-11-29,243.6799999999999,226.70036536458332
STATION_08,2024-11-30,213.69999999999996,226.12581397298177
STATION_08,2024-12-01,233.5200000000001,233.68422381788685
STATION_08,2024-12-02,205.00000000000003,233.43878314405873
STATION_08,2024-12-03,224.70000000000005,233.74786212355093
STATION_08,2024-12-04,230.6699999999999,233.6527846089025
STATION_08,2024-12-05,235.3700000000001,233.89484698683216
STATION_08,2024-12-06,207.69999999999993,233.8612410298009
STATION_08,2024-12-07,253.94000000000005,233.8950728169103
STATION_08,2024-12-08,218.05999999999997,233.2489119282384
STATION_08,2024-12-09,196.50999999999993,233.44879596144153
STATION_08,2024-12-10,227.81999999999996,233.64015338331654
STATION_08,2024-12-11,230.68999999999994,233.63876483351186
STATION_08,2024-12-12,233.2100000000001,233.3835798969884
STATION_08,2024-12-13,257.24000000000007,233.36763751417593
STATION_08,2024-12-14,225.27,233.10816790968374
STATION_08,2024-12-15,227.61000000000007,233.20003497511343
STATION_08,2024-12-16,207.94000000000008,233.20489337355093
STATION_08,2024-12-17,246.40999999999997,233.45180804640248
STATION_08,2024-12-18,233.69,233.2954420796056
STATION_08,2024-12-19,221.6,233.3136061421056
STATION_08,2024-12-20,191.90999999999997,233.6044234028478
STATION_08,2024-12-21,258.89,233.7571791401525
STATION_08,2024-12-22,205.45000000000005,233.2392103901525
STATION_08,2024-12-23,218.17,233.22287127882436
STATION_08,2024-12-24,237.17000000000004,232.52458636671497
STATION_08,2024-12-25,206.07000000000002,233.45403888136343
STATION_08,2024-12-26,200.13000000000008,233.7837233296056
STATION_08,2024-12-27,187.52,233.65941607862905
STATION_08,2024-12-28,244.41999999999993,233.43742206007437
STATION_08,2024-12-29,219.09999999999997,233.1746168842931
STATION_08,2024-12-30,288.54999999999995,233.5665083637853
STATION_08,2024-12-31,210.11000000000004,232.48732440382435
STATION_09,2024-08-07,18.37,49.62025073902028
STATION_09,2024-08-08,21.21,49.04726795093434
STATION_09,2024-08-09,50.70000000000001,49.07116931812184
STATION_09,2024-08-10,41.47999999999999,49.56610416309254
STATION_09,2024-08-11,21.090000000000003,50.314686621588635
STATION_09,2024-08-12,42.38,51.13141712085621
STATION_09,2024-08-13,58.10999999999999,48.203671301764416
STATION_09,2024-08-14,58.56,49.96580127612965
STATION_09,2024-08-15,10.009999999999998,49.741391028326916
STATION_09,2024-08-16,45.42999999999999,49.7414482487859
STATION_09,2024-08-17,20.330000000000002,48.46269306079762
STATION_09,2024-08-18,66.02999999999999,47.35474552051441
STATION_09,2024-08-19,63.680000000000035,49.285110510748794
STATION_09,2024-08-20,30.04,51.57595981494801
STATION_09,2024-08-21,32.68,48.82432636157887
STATION_09,2024-08-22,38.77,47.48106616870778
STATION_09,2024-08-23,10.000000000000002,49.54299014942067
STATION_09,2024-08-24,54.719999999999985,49.579376257819106
STATION_09,2024-08-25,42.54,49.32058185474293
STATION_09,2024-08-26,67.40000000000002,47.11335452930348
STATION_09,2024-08-27,26.03,48.74427493945973
STATION_09,2024-08-28,35.62,48.87523807422535
STATION_09,2024-08-29,17.869999999999997,48.15266803638356
STATION_09,2024-08-30,27.910000000000004,49.97358249561207
STATION_09,2024-08-31,24.36,49.58664478198902
STATION_09,2024-09-01,67.91999999999999,48.56616448160807
STATION_09,2024-09-02,34.029999999999994,44.59671715494792
STATION_09,2024-09-03,50.480000000000004,46.142218100992835
STATION_09,2024-09-04,40.38000000000001,45.043103873697916
STATION_09,2024-09-05,22.609999999999996,46.4357750773112
STATION_09,2024-09-06,44.63,46.400283133951824
STATION_09,2024-09-07,59.980000000000025,46.176084983317054
STATION_09,2024-09-08,23.839999999999993,44.14590767618815
STATION_09,2024-09-09,64.18000000000002,45.990700614420575
STATION_09,2024-09-10,31.009999999999998,45.42942436930338
STATION_09,2024-09-11,38.339999999999996,42.23039177652995
STATION_09,2024-09-12,58.61000000000001,43.35745781656901
STATION_09,2024-09-13,34.730000000000004,43.82502297159831
STATION_09,2024-09-14,48.75000000000001,45.77848519083659
STATION_09,2024-09-15,41.71,43.279631888834636
STATION_09,2024-09-16,50.589999999999996,44.52603691813151
STATION_09,2024-09-17,10.000000000000002,45.00394295450846
STATION_09,2024-09-18,11.409999999999998,45.38741768595378
STATION_09,2024-09-19,60.32,50.00485924479167
STATION_09,2024-09-20,68.74000000000002,42.80308998819987
STATION_09,2024-09-21,29.79,45.488565146891276
STATION_09,2024-09-22,43.120000000000005,47.18644341227213
STATION_09,2024-09-23,53.889999999999986,43.69256523844401
STATION_09,2024-09-24,61.86000000000001,47.66389549967448
STATION_09,2024-09-25,10.000000000000002,45.336657798258464
STATION_09,2024-09-26,30.279999999999998,46.204751670328776
STATION_09,2024-09-27,41.35,46.64925545450846
STATION_09,2024-09-28,62.06000000000002,44.71318138834636
STATION_09,2024-09-29,97.97000000000004,46.191577231852214
STATION_09,2024-09-30,43.440000000000005,43.685865104166666
STATION_09,2024-10-01,111.85999999999996,142.33871976200228
STATION_09,2024-10-02,148.04999999999998,142.18505765262728
STATION_09,2024-10-03,166.42,136.3305959827054
STATION_09,2024-10-04,142.15999999999997,141.60581570926792
STATION_09,2024-10-05,121.86999999999999,141.38673611942417
STATION_09,2024-10-06,159.15999999999997,141.33355313602573
STATION_09,2024-10-07,153.26999999999995,142.01063443485384
STATION_09,2024-10-08,119.47999999999998,141.29471341434603
STATION_09,2024-10-09,147.62999999999997,141.66879483524448
STATION_09,2024-10-10,159.95000000000002,141.6212392932523
STATION_09,2024-10-11,163.63999999999996,142.01357022586947
STATION_09,2024-10-12,138.67,140.4176778918851
STATION_09,2024-10-13,132.84000000000003,140.27486172977572
STATION_09,2024-10-14,164.55000000000007,140.9907461291898
STATION_09,2024-10-15,115.8,140.98457852665072
STATION_09,2024-10-16,148.77,142.02706509891635
STATION_09,2024-10-17,112.60000000000002,141.12106534305698
STATION_09,2024-10-18,161.30999999999995,142.03206692997105
STATION_09,2024-10-19,134.84000000000003,140.55430203739292
STATION_09,2024-10-20,165.37,141.16248380008824
STATION_09,2024-10-21,149.82999999999998,140.70019131961948
STATION_09,2024-10-22,115.53999999999995,141.01647244754918
STATION_09,2024-10-23,168.49000000000007,141.51238919559603
STATION_09,2024-10-24,171.01999999999998,140.4460714465726
STATION_09,2024-10-25,157.64999999999998,141.50069180790072
STATION_09,2024-10-26,124.77000000000001,140.81685696903355
STATION_09,2024-10-27,133.88,140.81122037235386
STATION_09,2024-10-28,142.91000000000003,140.88395596805697
STATION_09,2024-10-29,125.93000000000005,140.7413381702054
STATION_09,2024-10-30,173.85000000000002,141.0568868762601
STATION_09,2024-10-31,142.89000000000004,141.2240285998929
STATION_09,2024-11-01,175.92999999999998,227.88848442382812
STATION_09,2024-11-02,236.79000000000002,227.15531181640625
STATION_09,2024-11-03,223.03999999999996,227.6829393798828
STATION_09,2024-11-04,228.5,227.54552482910157
STATION_09,2024-11-05,222.63,227.74063591308595
STATION_09,2024-11-06,246.14000000000004,228.02905754394533
STATION_09,2024-11-07,252.39,227.79947380371095
STATION_09,2024-11-08,235.66,227.59317802734375
STATION_09,2024-11-09,223.20999999999995,227.1756822998047
STATION_09,2024-11-10,229.17,227.12711357421875
STATION_09,2024-11-11,230.38999999999996,227.05167106933595
STATION_09,2024-11-12,213.95000000000005,226.88121513671877
STATION_09,2024-11-13,241.58000000000004,227.68028740234377
STATION_09,2024-11-14,239.19999999999996,227.81389946289062
STATION_09,2024-11-15,260.8100000000001,227.59760307617188
STATION_09,2024-11-16,255.11000000000013,227.13506035156252
STATION_09,2024-11-17,216.29000000000005,227.09170402832032
STATION_09,2024-11-18,246.40999999999997,227.04828361816408
STATION_09,2024-11-19,210.98000000000002,227.21700920410157
STATION_09,2024-11-20,243.92000000000004,227.25243095703127
STATION_09,2024-11-21,219.67000000000007,227.12943291015625
STATION_09,2024-11-22,209.52999999999997,227.31967338867187
STATION_09,2024-11-23,235.6,227.7181169921875
STATION_09,2024-11-24,176.51,227.7521501953125
STATION_09,2024-11-25,194.98000000000002,227.7484911376953
STATION_09,2024-11-26,226.44999999999996,227.89140800781252
STATION_09,2024-11-27,231.65000000000006,227.81649345703124
STATION_09,2024-11-28,222.60999999999996,228.05928825683594
STATION_09,2024-11-29,198.41,228.13727897949218
STATION_09,2024-11-30,213.6399999999999,228.19076103515624
STATION_09,2024-12-01,237.82000000000008,229.79742378087195
STATION_09,2024-12-02,241.64000000000007,229.69472907872353
STATION_09,2024-12-03,229.6800000000001,229.44122566075478
STATION_09,2024-12-04,253.14000000000004,229.56113532872354
STATION_09,2024-12-05,237.95000000000007,229.73508857579384
STATION_09,2024-12-06,215.05000000000007,229.7674555191532
STATION_09,2024-12-07,224.39000000000001,229.2906427750126
STATION_09,2024-12-08,201.94000000000003,229.5366602310673
STATION_09,2024-12-09,227.83999999999992,229.56575569005165
STATION_09,2024-12-10,252.24,229.59535163731726
STATION_09,2024-12-11,243.71000000000006,229.6823664078251
STATION_09,2024-12-12,258.0400000000001,229.59583381505166
STATION_09,2024-12-13,223.94,229.56719917149695
STATION_09,2024-12-14,256.9199999999999,229.48777107091104
STATION_09,2024-12-15,226.12999999999994,229.11363777012977
STATION_09,2024-12-16,259.43,229.14203132481728
STATION_09,2024-12-17,229.55999999999992,229.12656501622354
STATION_09,2024-12-18,244.14,229.15891670079384
STATION_09,2024-12-19,259.5,229.35682624669226
STATION_09,2024-12-20,226.12999999999994,229.38672431798133
STATION_09,2024-12-21,234.3700000000001,229.42877754063758
STATION_09,2024-12-22,255.78000000000003,229.1927454361454
STATION_09,2024-12-23,227.3400000000001,229.27886909337195
STATION_09,2024-12-24,203.58000000000007,229.10151923985634
STATION_09,2024-12-25,272.8600000000001,229.4921869644657
STATION_09,2024-12-26,220.60000000000002,229.45400337071572
STATION_09,2024-12-27,233.17999999999998,229.6714563736454
STATION_09,2024-12-28,253.11999999999995,229.41711982579383
STATION_09,2024-12-29,217.8300000000001,229.2685541519657
STATION_09,2024-12-30,209.83999999999995,229.27331794591103
STATION_09,2024-12-31,235.06999999999996,229.41506904454383
STATION_10,2024-08-07,21.21,41.19490056300808
STATION_10,2024-08-08,33.14999999999999,44.622599842793235
STATION_10,2024-08-09,45.68000000000001,43.74921880031277
STATION_10,2024-08-10,85.96000000000001,41.55049252772976
STATION_10,2024-08-11,45.72,41.66696706081082
STATION_10,2024-08-12,69.70000000000002,42.082770588642845
STATION_10,2024-08-13,48.769999999999996,41.077659657246365
STATION_10,2024-08-14,38.33,42.78149571681668
STATION_10,2024-08-15,43.07000000000001,43.59416051173855
STATION_10,2024-08-16,44.63,41.856966450459254
STATION_10,2024-08-17,60.06999999999997,43.01796880031277
STATION_10,2024-08-18,75.49000000000002,43.340686848408474
STATION_10,2024-08-19,55.18999999999999,43.15609593654324
STATION_10,2024-08-20,71.74000000000002,42.31921468043972
STATION_10,2024-08-21,28.7,42.556674244648704
STATION_10,2024-08-22,39.71000000000001,43.10423054958035
STATION_10,2024-08-23,33.51,42.63704152370144
STATION_10,2024-08-24,54.289999999999985,44.47320714259793
STATION_10,2024-08-25,40.82000000000001,41.280635884053005
STATION_10,2024-08-26,62.599999999999994,40.933411076313746
STATION_10,2024-08-27,29.38,41.446516850239526
STATION_10,2024-08-28,48.85999999999999,42.25288396144558
STATION_10,2024-08-29,61.74000000000001,41.92664723659207
STATION_10,2024-08-30,10.000000000000002,41.94070287013699
STATION_10,2024-08-31,90.42999999999998,42.42932591701199
STATION_10,2024-09-01,42.34000000000001,44.66702452596029
STATION_10,2024-09-02,10.000000000000002,44.33709670003255
STATION_10,2024-09-03,51.16,44.913999471028646
STATION_10,2024-09-04,48.67,44.642500600179034
STATION_10,2024-09-05,46.36000000000001,43.409475240071615
STATION_10,2024-09-06,67.82000000000002,45.48393584187826
STATION_10,2024-09-07,62.949999999999996,41.76284743245443
STATION_10,2024-09-08,53.96000000000002,44.42076979573568
STATION_10,2024-09-09,56.999999999999986,44.13241301472982
STATION_10,2024-09-10,45.91,44.04050703938802
STATION_10,2024-09-11,83.51000000000002,43.48819914754232
STATION_10,2024-09-12,18.419999999999998,42.49457617696126
STATION_10,2024-09-13,50.789999999999985,43.44778243001302
STATION_10,2024-09-14,49.29999999999999,44.657305440266924
STATION_10,2024-09-15,64.27000000000001,43.469500264485674
STATION_10,2024-09-16,31.120000000000005,43.42538176472982
STATION_10,2024-09-17,13.130000000000004,44.57894011433919
STATION_10,2024-09-18,51.14000000000001,44.83356657918294
STATION_10,2024-09-19,53.62,45.20638609822591
STATION_10,2024-09-20,77.79,42.131032857259115
STATION_10,2024-09-21,22.59,44.92060728963216
STATION_10,2024-09-22,71.08999999999997,47.70867491658529
STATION_10,2024-09-23,95.34999999999997,45.72424803670248
STATION_10,2024-09-24,40.44,45.62845869954427
STATION_10,2024-09-25,22.18,46.24811659749349
STATION_10,2024-09-26,39.86000000000001,44.54090529378255
STATION_10,2024-09-27,48.279999999999994,46.84899245198568
STATION_10,2024-09-28,59.28,45.53372984822591
STATION_10,2024-09-29,36.17000000000001,43.8961665242513
STATION_10,2024-09-30,79.10000000000002,43.191491994222005
STATION_10,2024-10-01,117.71000000000001,138.22095120731478
STATION_10,2024-10-02,105.21999999999997,134.94448331180695
STATION_10,2024-10-03,162.13000000000005,139.3828469592679
STATION_10,2024-10-04,94.51000000000002,136.98834927860383
STATION_10,2024-10-05,135.92000000000002,137.64516690555695
STATION_10,2024-10-06,202.35000000000008,138.98811124149447
STATION_10,2024-10-07,139.75999999999993,138.2099007922757
STATION_10,2024-10-08,117.58000000000003,137.77550137821322
STATION_10,2024-10-09,138.85000000000002,135.79333432499055
STATION_10,2024-10-10,138.98,138.98705838504915
STATION_10,2024-10-11,143.20999999999998,139.04057401004914
STATION_10,2024-10-12,153.25,138.59216397586945
STATION_10,2024-10-13,119.21999999999996,136.68701566043978
STATION_10,2024-10-14,173.74999999999994,138.12262662235383
STATION_10,2024-10-15,144.90000000000003,137.34735501590853
STATION_10,2024-10-16,154.54000000000002,138.16359036747102
STATION_10,2024-10-17,127.43999999999994,137.84403775516634
STATION_10,2024-10-18,165.72999999999996,138.21621793094758
STATION_10,2024-10-19,134.86000000000004,137.89842618290072
STATION_10,2024-10-20,145.55000000000007,137.76527188602572
STATION_10,2024-10-21,121.34000000000005,138.0837228137601
STATION_10,2024-10-22,120.06000000000003,137.83923734012728
STATION_10,2024-10-23,153.76000000000002,138.39213956180697
STATION_10,2024-10-24,131.12999999999997,137.6049660998929
STATION_10,2024-10-25,122.91999999999997,138.08425076786165
STATION_10,2024-10-26,127.14000000000001,137.06474393192414
STATION_10,2024-10-27,153.98,137.29015897098665
STATION_10,2024-10-28,127.42000000000004,136.99123624149445
STATION_10,2024-10-29,137.64999999999998,136.50618069950227
STATION_10,2024-10-30,140.3,136.73229459110382
STATION_10,2024-10-31,101.64999999999999,137.24950650516632
STATION_10,2024-11-01,200.58000000000004,221.1712636311849
STATION_10,2024-11-02,236.72999999999996,224.4175557454427
STATION_10,2024-11-03,215.25999999999993,224.91139119466146
STATION_10,2024-11-04,251.12999999999997,225.36751302083334
STATION_10,2024-11-05,249.33999999999995,225.36273701985678
STATION_10,2024-11-06,244.3799999999999,225.5993611653646
STATION_10,2024-11-07,266.40000000000003,225.22093404134117
STATION_10,2024-11-08,228.34000000000003,225.3461659749349
STATION_10,2024-11-09,242.98000000000002,225.50580342610678
STATION_10,2024-11-10,218.31,225.1378377278646
STATION_10,2024-11-11,279.04999999999995,225.15503133138023
STATION_10,2024-11-12,269.66999999999996,224.83078816731773
STATION_10,2024-11-13,230.24,225.15093282063805
STATION_10,2024-11-14,237.73000000000002,225.2111989339193
STATION_10,2024-11-15,257.19,225.45627644856773
STATION_10,2024-11-16,227.05999999999997,225.47664693196617
STATION_10,2024-11-17,216.86999999999995,225.19661763509117
STATION_10,2024-11-18,247.47999999999993,225.27569478352865
STATION_10,2024-11-19,231.5699999999999,225.69610188802085
STATION_10,2024-11-20,233.65999999999994,225.96104634602867
STATION_10,2024-11-21,213.30999999999995,225.55260213216147
STATION_10,2024-11-22,195.65000000000003,225.9340810139974
STATION_10,2024-11-23,234.72000000000003,226.2461629231771
STATION_10,2024-11-24,248.10000000000005,226.03790486653648
STATION_10,2024-11-25,225.47999999999993,226.00779927571617
STATION_10,2024-11-26,258.72999999999996,226.15312398274742
STATION_10,2024-11-27,215.91999999999993,226.28626607259116
STATION_10,2024-11-28,208.90999999999997,226.16958211263022
STATION_10,2024-11-29,228.66000000000005,226.32982381184897
STATION_10,2024-11-30,228.34999999999997,225.9772176106771
STATION_10,2024-12-01,245.3999999999999,230.86091329857612
STATION_10,2024-12-02,214.50000000000009,230.78513204857612
STATION_10,2024-12-03,257.3599999999999,231.1761690358808
STATION_10,2024-12-04,269.34,230.97309896752142
STATION_10,2024-12-05,229.2199999999999,230.81617758080267
STATION_10,2024-12-06,254.98999999999992,230.73255331322454
STATION_10,2024-12-07,208.86999999999992,230.76321432396674
STATION_10,2024-12-08,251.50000000000006,230.51482870384956
STATION_10,2024-12-09,250.95000000000005,230.49076254174017
STATION_10,2024-12-10,247.27000000000004,230.66334860131047
STATION_10,2024-12-11,229.68999999999997,230.80756857201362
STATION_10,2024-12-12,170.91999999999993,230.7288820485761
STATION_10,2024-12-13,217.17000000000007,230.9777834157636
STATION_10,2024-12-14,217.48000000000002,231.03763448998237
STATION_10,2024-12-15,210.43000000000006,230.9161348561933
STATION_10,2024-12-16,232.44000000000008,231.02269918724798
STATION_10,2024-12-17,221.61999999999992,230.80862448021674
STATION_10,2024-12-18,213.51,231.04356710716985
STATION_10,2024-12-19,208.82000000000008,231.25555136009956
STATION_10,2024-12-20,215.69000000000008,231.34787618920112
STATION_10,2024-12-21,252.43,231.335736296623
STATION_10,2024-12-22,216.78000000000006,230.71160604759956
STATION_10,2024-12-23,219.70000000000002,230.49019491478705
STATION_10,2024-12-24,220.87000000000006,230.36827108666205
STATION_10,2024-12-25,236.78000000000003,230.98945638939642
STATION_10,2024-12-26,239.12,230.99971639916205
STATION_10,2024-12-27,169.10999999999996,230.08065817162299
STATION_10,2024-12-28,250.42999999999992,231.01643698021672
STATION_10,2024-12-29,258.72999999999996,230.49448263451362
STATION_10,2024-12-30,208.99999999999994,230.58343832299016
STATION_10,2024-12-31,210.55000000000004,230.66929647728705
STATION_11,2024-08-07,10.000000000000002,44.87862909018027
STATION_11,2024-08-08,37.02,47.99713342367637
STATION_11,2024-08-09,74.61,48.77486016928184
STATION_11,2024-08-10,45.59,46.804369904389254
STATION_11,2024-08-11,21.200000000000003,47.47770364462363
STATION_11,2024-08-12,38.29,45.17382943808066
STATION_11,2024-08-13,18.240000000000002,46.34910943685996
STATION_11,2024-08-14,25.5,47.84533899008262
STATION_11,2024-08-15,55.78,47.51035211264121
STATION_11,2024-08-16,24.520000000000003,48.0763402718209
STATION_11,2024-08-17,70.25,50.20098092733848
STATION_11,2024-08-18,46.580000000000005,45.558580567231054
STATION_11,2024-08-19,49.71000000000001,45.75121667562949
STATION_11,2024-08-20,42.43000000000001,44.2930394905709
STATION_11,2024-08-21,63.46000000000001,45.58806359945761
STATION_11,2024-08-22,63.660000000000025,46.08700235067832
STATION_11,2024-08-23,54.7,46.1657201546334
STATION_11,2024-08-24,59.300000000000004,45.95349176107871
STATION_11,2024-08-25,43.76,45.99311196981894
STATION_11,2024-08-26,58.84000000000001,46.906767060150976
STATION_11,2024-08-27,41.24000000000001,45.58000543295371
STATION_11,2024-08-28,48.04,48.76550576864707
STATION_11,2024-08-29,42.510000000000005,45.75379235922324
STATION_11,2024-08-30,38.86000000000001,46.71355874716269
STATION_11,2024-08-31,34.21999999999999,47.88032739340293
STATION_11,2024-09-01,57.34999999999998,43.4062068766276
STATION_11,2024-09-02,74.20999999999997,42.40970495402018
STATION_11,2024-09-03,71.42,39.43278158365885
STATION_11,2024-09-04,22.869999999999997,40.45828245340983
STATION_11,2024-09-05,73.77999999999997,40.54318159281412
STATION_11,2024-09-06,41.64,40.17417219340006
STATION_11,2024-09-07,60.010000000000005,40.11261213480631
STATION_11,2024-09-08,29.88,40.079547101847325
STATION_11,2024-09-09,50.84,41.85498006998698
STATION_11,2024-09-10,54.26999999999999,40.60210874735514
STATION_11,2024-09-11,18.310000000000002,39.77380064188639
STATION_11,2024-09-12,60.17000000000002,38.436432248942054
STATION_11,2024-09-13,74.92,40.421761304728186
STATION_11,2024-09-14,44.51,40.98437689005534
STATION_11,2024-09-15,75.2,40.43966406046549
STATION_11,2024-09-16,44.21000000000001,40.97039907633463
STATION_11,2024-09-17,64.99,40.426430875651036
STATION_11,2024-09-18,10.000000000000002,39.211419660441074
STATION_11,2024-09-19,96.37999999999998,42.03310812174479
STATION_11,2024-09-20,77.91000000000001,42.89000356852213
STATION_11,2024-09-21,42.31000000000001,41.845246488444005
STATION_11,2024-09-22,10.000000000000002,41.2732837504069
STATION_11,2024-09-23,53.75999999999998,40.87602804361979
STATION_11,2024-09-24,19.120000000000005,43.68333471476237
STATION_11,2024-09-25,56.900000000000006,43.33741796671549
STATION_11,2024-09-26,56.22999999999999,42.17965963541666
STATION_11,2024-09-27,29.170000000000005,42.99296911417643
STATION_11,2024-09-28,70.42000000000003,41.326264554850255
STATION_11,2024-09-29,64.11000000000001,43.354845792643225
STATION_11,2024-09-30,67.52000000000002,41.31895406901042
STATION_11,2024-10-01,140.17999999999998,131.80466192233177
STATION_11,2024-10-02,111.68999999999998,134.87376745211694
STATION_11,2024-10-03,159.55999999999995,135.42142065035912
STATION_11,2024-10-04,134.59000000000003,133.0860126303396
STATION_11,2024-10-05,112.2,134.7450168417654
STATION_11,2024-10-06,167.03999999999996,135.69371984469507
STATION_11,2024-10-07,181.98999999999995,135.54302709567162
STATION_11,2024-10-08,139.18,135.05347631442163
STATION_11,2024-10-09,183.18000000000006,135.2634769247732
STATION_11,2024-10-10,141.83000000000007,133.85358617770288
STATION_11,2024-10-11,132.38999999999996,135.5302982138357
STATION_11,2024-10-12,127.39000000000001,134.3820377157888
STATION_11,2024-10-13,172.73999999999995,134.34632604586693
STATION_11,2024-10-14,124.40000000000002,134.85516088473412
STATION_11,2024-10-15,154.71000000000006,134.9175571249685
STATION_11,2024-10-16,128.82,134.88217504489037
STATION_11,2024-10-17,130.79,135.05870397555444
STATION_11,2024-10-18,160.60000000000005,134.81576879489037
STATION_11,2024-10-19,132.40000000000006,134.42758520114037
STATION_11,2024-10-20,131.9,134.63017004000756
STATION_11,2024-10-21,162.66000000000005,134.61767309176537
STATION_11,2024-10-22,171.95,134.66552160250757
STATION_11,2024-10-23,152.89000000000001,134.507718257781
STATION_11,2024-10-24,126.9,134.58940160739039
STATION_11,2024-10-25,129.78999999999994,134.63273656832789
STATION_11,2024-10-26,141.6,134.31074254977318
STATION_11,2024-10-27,146.41999999999996,134.13087499606226
STATION_11,2024-10-28,120.23999999999997,133.79694555270288
STATION_11,2024-10-29,154.45999999999998,133.77884862887475
STATION_11,2024-10-30,141.71000000000006,132.98550756442162
STATION_11,2024-10-31,105.68999999999997,133.94110448824975
STATION_11,2024-11-01,211.42000000000007,230.16259100748698
STATION_11,2024-11-02,219.92000000000007,229.93540594889325
STATION_11,2024-11-03,228.53999999999994,230.8421106608073
STATION_11,2024-11-04,267.7900000000001,230.4290216715495
STATION_11,2024-11-05,234.75999999999993,230.4641809733073
STATION_11,2024-11-06,213.1800000000001,230.83031561686198
STATION_11,2024-11-07,234.41000000000003,230.05194037272136
STATION_11,2024-11-08,222.95999999999992,230.70744879557293
STATION_11,2024-11-09,236.5,230.62908881022136
STATION_11,2024-11-10,241.61000000000013,230.21482489420575
STATION_11,2024-11-11,254.18000000000012,230.72260687662762
STATION_11,2024-11-12,229.50999999999996,230.46917670084636
STATION_11,2024-11-13,262.7799999999999,230.52009222819012
STATION_11,2024-11-14,248.15999999999994,230.38936102701825
STATION_11,2024-11-15,215.85000000000008,230.51289618326825
STATION_11,2024-11-16,274.19999999999993,230.59158575846357
STATION_11,2024-11-17,236.54,229.89989569498698
STATION_11,2024-11-18,213.29999999999998,230.1667719156901
STATION_11,2024-11-19,263.06,230.30767767740886
STATION_11,2024-11-20,271.55999999999995,230.672258976237
STATION_11,2024-11-21,229.33999999999997,230.02842657877605
STATION_11,2024-11-22,219.9300000000001,230.23440192057294
STATION_11,2024-11-23,226.54999999999993,230.67485602213543
STATION_11,2024-11-24,244.29000000000005,230.52322943522137
STATION_11,2024-11-25,255.56,230.59105780436198
STATION_11,2024-11-26,241.4099999999999,230.3387659342448
STATION_11,2024-11-27,232.02999999999994,230.8249475748698
STATION_11,2024-11-28,259.9599999999999,230.6128381998698
STATION_11,2024-11-29,223.74000000000004,230.52454779459637
STATION_11,2024-11-30,250.62000000000012,230.4680139811198
STATION_11,2024-12-01,224.23999999999995,229.06686606130293
STATION_11,2024-12-02,238.62000000000003,228.8743977995842
STATION_11,2024-12-03,227.72999999999993,229.07188009938886
STATION_11,2024-12-04,228.88000000000008,228.95964255056074
STATION_11,2024-12-05,222.4499999999999,229.14133200368576
STATION_11,2024-12-06,256.89999999999986,228.90512900075606
STATION_11,2024-12-07,215.33999999999995,228.99304098806076
STATION_11,2024-12-08,215.19999999999993,229.14937033376387
STATION_11,2024-12-09,272.4199999999999,229.14095968923263
STATION_11,2024-12-10,249.55999999999995,228.80229391774824
STATION_11,2024-12-11,182.30000000000007,228.94472555837325
STATION_11,2024-12-12,218.69000000000008,229.32565207204513
STATION_11,2024-12-13,193.76,229.667906710717
STATION_11,2024-12-14,210.98999999999995,229.42993368825606
STATION_11,2024-12-15,167.23000000000002,229.29733481130293
STATION_11,2024-12-16,227.26000000000002,230.0771535368889
STATION_11,2024-12-17,207.16000000000008,229.24086203298262
STATION_11,2024-12-18,231.20000000000007,229.6762349577873
STATION_11,2024-12-19,197.50000000000006,229.39395346364668
STATION_11,2024-12-20,231.66000000000003,229.57909140309982
STATION_11,2024-12-21,221.70000000000007,229.41057638845137
STATION_11,2024-12-22,260.03999999999996,229.3444020720451
STATION_11,2024-12-23,258.22999999999996,228.78961691579514
STATION_11,2024-12-24,245.71000000000012,228.5452260466545
STATION_11,2024-12-25,223.47000000000008,229.14403891286543
STATION_11,2024-12-26,269.71000000000004,229.34670309743575
STATION_11,2024-12-27,198.9399999999999,227.21815390309982
STATION_11,2024-12-28,201.93000000000006,228.9135579558342
STATION_11,2024-12-29,228.32000000000005,229.071617648217
STATION_11,2024-12-30,275.0799999999999,229.33556418142012
STATION_11,2024-12-31,225.95,228.43346457204512
STATION_12,2024-08-07,52.220000000000006,51.62540940980654
STATION_12,2024-08-08,41.21,49.087474534318254
STATION_12,2024-08-09,67.22000000000001,48.698922440812396
STATION_12,2024-08-10,60.94000000000002,50.77845964174013
STATION_12,2024-08-11,34.31,50.36358461122255
STATION_12,2024-08-12,21.440000000000005,47.992416093156145
STATION_12,2024-08-13,42.230000000000004,49.16759309510927
STATION_12,2024-08-14,78.30999999999999,52.12960252504091
STATION_12,2024-08-15,70.92999999999998,49.686287400529196
STATION_12,2024-08-16,25.749999999999996,50.78158769349794
STATION_12,2024-08-17,24.64,49.62017640809755
STATION_12,2024-08-18,73.49000000000002,49.292001817033096
STATION_12,2024-08-19,25.290000000000003,49.68265809755068
STATION_12,2024-08-20,58.18999999999999,49.941598985001846
STATION_12,2024-08-21,35.68,49.289291093156145
STATION_12,2024-08-22,80.34000000000002,51.55558290223818
STATION_12,2024-08-23,32.589999999999996,51.392161271378804
STATION_12,2024-08-24,70.87000000000002,51.65118760804872
STATION_12,2024-08-25,51.699999999999996,49.758912370011615
STATION_12,2024-08-26,53.04,50.23457536439638
STATION_12,2024-08-27,10.000000000000002,49.253104874894426
STATION_12,2024-08-28,10.000000000000002,50.2526104901288
STATION_12,2024-08-29,43.59,51.3529522870038
STATION_12,2024-08-30,52.940000000000005,51.63871965150575
STATION_12,2024-08-31,25.5,51.418396470353414
STATION_12,2024-09-01,26.230000000000004,54.458393318684905
STATION_12,2024-09-02,59.23,53.75148185017905
STATION_12,2024-09-03,59.26000000000001,53.45058005574545
STATION_12,2024-09-04,45.24999999999999,51.97834800008139
STATION_12,2024-09-05,63.59999999999998,53.22932227376303
STATION_12,2024-09-06,24.520000000000003,53.559450752766935
STATION_12,2024-09-07,40.879999999999995,54.180553658040374
STATION_12,2024-09-08,80.96000000000001,53.74081671956381
STATION_12,2024-09-09,49.370000000000005,54.02626899007162
STATION_12,2024-09-10,50.53,53.48178275349936
STATION_12,2024-09-11,94.11999999999996,53.156444771321624
STATION_12,2024-09-12,20.01,52.248266823323576
STATION_12,2024-09-13,63.92999999999999,54.019177467854824
STATION_12,2024-09-14,81.28,51.30531180623373
STATION_12,2024-09-15,41.50000000000001,51.44980796101889
STATION_12,2024-09-16,65.19,53.07369254353842
STATION_12,2024-09-17,28.359999999999992,51.92132437947592
STATION_12,2024-09-18,34.27,56.21799109700522
STATION_12,2024-09-19,55.70000000000002,51.93335364583334
STATION_12,2024-09-20,63.97,53.561943275960296
STATION_12,2024-09-21,70.42000000000003,53.06335318806967
STATION_12,2024-09-22,79.38999999999997,53.110387642415375
STATION_12,2024-09-23,46.64999999999999,53.19925406697592
STATION_12,2024-09-24,71.87,52.111077339680996
STATION_12,2024-09-25,41.150000000000006,52.29057944539389
STATION_12,2024-09-26,66.04000000000003,52.90658820393881
STATION_12,2024-09-27,52.15,53.16235144856772
STATION_12,2024-09-28,56.90999999999999,51.983558113606776
STATION_12,2024-09-29,56.47000000000001,52.496166451009124
STATION_12,2024-09-30,15.91,51.716362221272796
STATION_12,2024-10-01,117.51999999999995,142.36786433262978
STATION_12,2024-10-02,142.05000000000004,140.3677483658329
STATION_12,2024-10-03,106.24999999999999,139.90454035802043
STATION_12,2024-10-04,156.62000000000006,141.37578974766885
STATION_12,2024-10-05,157.42999999999995,140.44504939122353
STATION_12,2024-10-06,146.54000000000005,142.61844721837198
STATION_12,2024-10-07,117.58000000000003,142.0902550797001
STATION_12,2024-10-08,167.59999999999997,141.49019099278604
STATION_12,2024-10-09,180.74,142.32413264317665
STATION_12,2024-10-10,142.94000000000005,142.17422724766885
STATION_12,2024-10-11,150.20999999999995,141.76810847325478
STATION_12,2024-10-12,144.03,141.4602746109501
STATION_12,2024-10-13,150.61000000000007,141.04041377110636
STATION_12,2024-10-14,137.61000000000004,140.43399897618448
STATION_12,2024-10-15,139.31000000000003,141.83159724278605
STATION_12,2024-10-16,158.11000000000004,141.0782219986454
STATION_12,2024-10-17,186.90999999999997,139.88904963536416
STATION_12,2024-10-18,112.00000000000003,141.51274653477822
STATION_12,2024-10-19,137.91999999999996,140.738906202747
STATION_12,2024-10-20,116.39,141.27100459141886
STATION_12,2024-10-21,171.84000000000006,141.94092951817666
STATION_12,2024-10-22,128.24999999999997,141.21191645665323
STATION_12,2024-10-23,111.14000000000003,142.06116572423136
STATION_12,2024-10-24,152.76,140.66661006016886
STATION_12,2024-10-25,174.88999999999996,141.49671565098916
STATION_12,2024-10-26,153.26999999999995,141.6216515640751
STATION_12,2024-10-27,144.09999999999997,140.64697199864543
STATION_12,2024-10-28,148.18,141.02184077305947
STATION_12,2024-10-29,168.29999999999998,140.75482722325478
STATION_12,2024-10-30,122.52000000000002,140.4714287857548
STATION_12,2024-10-31,137.76000000000005,141.79881526036417
STATION_12,2024-11-01,220.94999999999993,228.15530445149744
STATION_12,2024-11-02,206.64000000000004,230.29541980794275
STATION_12,2024-11-03,223.43000000000004,231.11353809407555
STATION_12,2024-11-04,252.15000000000003,230.958371468099
STATION_12,2024-11-05,241.3300000000001,230.585666389974
STATION_12,2024-11-06,242.8900000000001,230.9087895589193
STATION_12,2024-11-07,232.93000000000004,230.83681079915368
STATION_12,2024-11-08,240.47,231.0958012776693
STATION_12,2024-11-09,213.99000000000007,230.97191516927086
STATION_12,2024-11-10,223.81000000000003,230.97248889973963
STATION_12,2024-11-11,233.83999999999997,231.01241809895836
STATION_12,2024-11-12,235.55000000000004,230.51911975911463
STATION_12,2024-11-13,236.4,230.94714405110682
STATION_12,2024-11-14,227.23000000000002,231.07776233723962
STATION_12,2024-11-15,222.4499999999999,231.23563282063805
STATION_12,2024-11-16,293.16,231.17690174153648
STATION_12,2024-11-17,248.13999999999996,230.47918140462244
STATION_12,2024-11-18,238.2599999999999,230.65998889973963
STATION_12,2024-11-19,225.34,230.42445423177088
STATION_12,2024-11-20,220.98000000000005,230.55204212239587
STATION_12,2024-11-21,227.38000000000008,230.59370472005213
STATION_12,2024-11-22,235.85999999999999,230.684933968099
STATION_12,2024-11-23,192.3899999999999,230.92396900227868
STATION_12,2024-11-24,198.61,231.20773059895836
STATION_12,2024-11-25,217.25999999999996,231.3297612386068
STATION_12,2024-11-26,234.14,231.38110706380212
STATION_12,2024-11-27,225.21,231.32452137044274
STATION_12,2024-11-28,259.56,231.18999988606774
STATION_12,2024-11-29,200.34999999999997,230.99280139973962
STATION_12,2024-11-30,214.9699999999999,231.39884388020837
STATION_12,2024-12-01,260.3999999999999,232.15714004221275
STATION_12,2024-12-02,232.6199999999999,231.63477370920492
STATION_12,2024-12-03,247.70000000000007,231.74301345529867
STATION_12,2024-12-04,271.02,231.78428847971273
STATION_12,2024-12-05,216.12000000000003,231.93087356272054
STATION_12,2024-12-06,228.0099999999999,231.5905781525643
STATION_12,2024-12-07,224.55000000000004,231.9211933869393
STATION_12,2024-12-08,190.90999999999997,231.9884785431893
STATION_12,2024-12-09,223.79000000000002,232.06387832346275
STATION_12,2024-12-10,247.61999999999995,231.90961196604087
STATION_12,2024-12-11,240.8100000000001,232.36936843576743
STATION_12,2024-12-12,242.38000000000002,231.74835403147054
STATION_12,2024-12-13,222.49000000000004,232.010374905494
STATION_12,2024-12-14,216.87999999999997,231.94620254221275
STATION_12,2024-12-15,255.3900000000001,232.13640029611898
STATION_12,2024-12-16,220.04999999999993,231.73185317697835
STATION_12,2024-12-17,235.87999999999988,231.70936172190022
STATION_12,2024-12-18,233.27000000000004,231.95772597971273
STATION_12,2024-12-19,259.22999999999996,232.01631972971273
STATION_12,2024-12-20,249.43000000000004,231.9197529572518
STATION_12,2024-12-21,204.08999999999997,231.94398696604085
STATION_12,2024-12-22,206.25,231.79144180002524
STATION_12,2024-12-23,241.58000000000004,232.58624770822837
STATION_12,2024-12-24,228.71000000000004,231.76179092111897
STATION_12,2024-12-25,220.89999999999992,231.87864883127523
STATION_12,2024-12-26,250.31000000000006,232.6291065949471
STATION_12,2024-12-27,233.74999999999997,231.7825215119393
STATION_12,2024-12-28,231.04999999999995,231.897191311744
STATION_12,2024-12-29,245.59999999999994,231.93295486154867
STATION_12,2024-12-30,222.50000000000006,231.74561660471272
STATION_12,2024-12-31,261.3699999999999,231.6790577668221
STATION_13,2024-08-07,61.209999999999994,48.877107044116876
STATION_13,2024-08-08,62.949999999999996,47.6734395941657
STATION_13,2024-08-09,40.10000000000001,47.939425464527034
STATION_13,2024-08-10,54.18000000000002,47.05932292546453
STATION_13,2024-08-11,76.48000000000002,48.018735309497735
STATION_13,2024-08-12,76.28000000000003,48.54237727727117
STATION_13,2024-08-13,47.42000000000001,46.55494060124578
STATION_13,2024-08-14,50.789999999999985,46.86747493352117
STATION_13,2024-08-15,70.22000000000001,47.25525264348211
STATION_13,2024-08-16,17.979999999999997,47.74097804631414
STATION_13,2024-08-17,41.54,47.85137080754461
STATION_13,2024-08-18,74.70999999999997,49.712933154956715
STATION_13,2024-08-19,67.5,46.833778186695
STATION_13,2024-08-20,55.38999999999998,47.71682262028875
STATION_13,2024-08-21,17.879999999999995,47.617595477954765
STATION_13,2024-08-22,47.00000000000001,48.66051082219305
STATION_13,2024-08-23,36.20000000000001,47.680548663989924
STATION_13,2024-08-24,54.61999999999999,49.07671565617742
STATION_13,2024-08-25,31.810000000000002,47.73537196721258
STATION_13,2024-08-26,27.48999999999999,48.73441905583562
STATION_13,2024-08-27,10.000000000000002,48.88711452092352
STATION_13,2024-08-28,72.44,48.76029948796453
STATION_13,2024-08-29,40.00000000000001,49.439976306812184
STATION_13,2024-08-30,51.14000000000001,46.52712077702703
STATION_13,2024-08-31,47.959999999999994,47.86836528386297
STATION_13,2024-09-01,26.649999999999995,48.28460858154297
STATION_13,2024-09-02,22.819999999999997,45.39516079711914
STATION_13,2024-09-03,27.890000000000004,47.24559567260742
STATION_13,2024-09-04,33.53999999999999,48.68723995971679
STATION_13,2024-09-05,55.32999999999998,48.82134182739257
STATION_13,2024-09-06,32.09000000000001,48.76913998413086
STATION_13,2024-09-07,82.93000000000004,50.17006237792968
STATION_13,2024-09-08,68.53999999999999,46.28369305419922
STATION_13,2024-09-09,64.16999999999999,47.484048583984375
STATION_13,2024-09-10,45.60999999999999,47.31349423217773
STATION_13,2024-09-11,78.28999999999998,45.07613919067383
STATION_13,2024-09-12,43.64000000000001,45.70091259765625
STATION_13,2024-09-13,47.370000000000005,46.10354550170898
STATION_13,2024-09-14,51.4,46.15221264648437
STATION_13,2024-09-15,62.04,47.43526089477539
STATION_13,2024-09-16,60.73999999999999,47.369584014892574
STATION_13,2024-09-17,38.5,47.25760510253906
STATION_13,2024-09-18,37.34000000000001,47.368937042236325
STATION_13,2024-09-19,60.80000000000002,46.766032531738276
STATION_13,2024-09-20,62.30000000000002,47.41656658935547
STATION_13,2024-09-21,40.13000000000001,47.932012298583984
STATION_13,2024-09-22,16.259999999999998,48.30800106811523
STATION_13,2024-09-23,43.85,45.86676190185547
STATION_13,2024-09-24,60.47000000000001,48.232498291015624
STATION_13,2024-09-25,84.10999999999999,46.00382244873047
STATION_13,2024-09-26,24.04,46.781981781005854
STATION_13,2024-09-27,39.470000000000006,50.50133679199219
STATION_13,2024-09-28,40.21000000000001,50.287071350097655
STATION_13,2024-09-29,75.12000000000002,50.44094250488281
STATION_13,2024-09-30,47.29999999999999,47.02464840698242
STATION_13,2024-10-01,121.85000000000004,141.3800774280179
STATION_13,2024-10-02,151.16999999999996,142.45171744266634
STATION_13,2024-10-03,131.91,138.97466666141634
STATION_13,2024-10-04,115.50999999999996,141.89403006473665
STATION_13,2024-10-05,122.14,141.48755728641635
STATION_13,2024-10-06,174.67999999999998,141.18766409793977
STATION_13,2024-10-07,147.67999999999998,141.83098685184603
STATION_13,2024-10-08,142.15999999999997,141.59752127567415
STATION_13,2024-10-09,135.00000000000006,141.3565941516507
STATION_13,2024-10-10,145.84000000000006,141.03845450321322
STATION_13,2024-10-11,145.59999999999994,141.39293753543978
STATION_13,2024-10-12,145.84000000000006,140.92219473758823
STATION_13,2024-10-13,142.29999999999998,140.90474173465853
STATION_13,2024-10-14,157.37999999999994,137.574607152139
STATION_13,2024-10-15,140.46000000000006,138.71136404911167
STATION_13,2024-10-16,120.44000000000004,138.55022208133823
STATION_13,2024-10-17,127.75,140.7615410510648
STATION_13,2024-10-18,100.41999999999999,141.46701895633822
STATION_13,2024-10-19,180.54,140.7849785510648
STATION_13,2024-10-20,157.25999999999996,141.02374197879917
STATION_13,2024-10-21,123.39999999999996,141.55740897098667
STATION_13,2024-10-22,134.36000000000007,139.95017630497102
STATION_13,2024-10-23,127.25999999999993,140.68541190067415
STATION_13,2024-10-24,170.84999999999994,141.12703787723666
STATION_13,2024-10-25,111.60000000000001,141.02426993290072
STATION_13,2024-10-26,142.28999999999994,140.8590294543851
STATION_13,2024-10-27,137.83000000000004,140.78050162235385
STATION_13,2024-10-28,156.53999999999994,140.85155569950228
STATION_13,2024-10-29,137.91999999999996,140.67779776493197
STATION_13,2024-10-30,104.84000000000002,140.8435753528226
STATION_13,2024-10-31,134.97999999999993,141.29883047977572
STATION_13,2024-11-01,210.55999999999995,226.9875052408854
STATION_13,2024-11-02,231.58999999999997,230.7737021402995
STATION_13,2024-11-03,258.67999999999995,231.21583165690106
STATION_13,2024-11-04,195.20999999999992,230.7607413248698
STATION_13,2024-11-05,213.99999999999991,231.23814611002604
STATION_13,2024-11-06,218.94999999999993,230.90073766276043
STATION_13,2024-11-07,222.37000000000003,231.34256505533855
STATION_13,2024-11-08,244.8000000000001,231.46798314615887
STATION_13,2024-11-09,226.53,231.22474889322916
STATION_13,2024-11-10,238.31999999999996,231.04740514322918
STATION_13,2024-11-11,217.48000000000002,231.25884007975262
STATION_13,2024-11-12,234.59999999999994,231.17608251139325
STATION_13,2024-11-13,245.5599999999999,231.03911656901042
STATION_13,2024-11-14,215.34999999999994,230.87889012858074
STATION_13,2024-11-15,245.63000000000002,231.53944005533856
STATION_13,2024-11-16,231.04999999999995,231.3784934000651
STATION_13,2024-11-17,250.90999999999994,231.2475333170573
STATION_13,2024-11-18,225.97,231.01827916666667
STATION_13,2024-11-19,237.62000000000003,231.27505712076822
STATION_13,2024-11-20,229.19000000000005,231.36771153971355
STATION_13,2024-11-21,228.0800000000001,231.06009435221355
STATION_13,2024-11-22,235.17999999999995,231.23978185221355
STATION_13,2024-11-23,240.7400000000001,231.3259512858073
STATION_13,2024-11-24,205.0099999999999,231.25303258463543
STATION_13,2024-11-25,258.67,231.5070059733073
STATION_13,2024-11-26,192.81000000000003,231.34913854166666
STATION_13,2024-11-27,216.29999999999993,231.62278356119793
STATION_13,2024-11-28,228.10999999999996,231.58094701334636
STATION_13,2024-11-29,238.24999999999997,231.552974601237
STATION_13,2024-11-30,261.5199999999999,231.2625296549479
STATION_13,2024-12-01,192.82999999999993,236.5574343655494
STATION_13,2024-12-02,219.85000000000008,236.77333402375254
STATION_13,2024-12-03,187.4600000000001,236.74032315949472
STATION_13,2024-12-04,230.63000000000008,237.1403170559791
STATION_13,2024-12-05,235.42999999999992,236.7458651516822
STATION_13,2024-12-06,261.82000000000005,236.72780790070567
STATION_13,2024-12-07,232.4099999999999,236.91870450715098
STATION_13,2024-12-08,250.88000000000005,236.45478543976816
STATION_13,2024-12-09,241.68000000000004,236.3411257717994
STATION_13,2024-12-10,221.29999999999995,236.7065768216041
STATION_13,2024-12-11,201.81999999999996,236.7340884182838
STATION_13,2024-12-12,235.5000000000001,236.5097750637916
STATION_13,2024-12-13,200.16000000000003,236.6823061917213
STATION_13,2024-12-14,255.9000000000001,236.7049166653541
STATION_13,2024-12-15,226.75999999999988,236.58244657258066
STATION_13,2024-12-16,253.89999999999995,236.7044009182838
STATION_13,2024-12-17,220.4,236.5267428372291
STATION_13,2024-12-18,235.38000000000008,236.6583865139869
STATION_13,2024-12-19,234.19000000000008,236.5733035061744
STATION_13,2024-12-20,229.09999999999997,236.7032595608619
STATION_13,2024-12-21,221.34999999999994,236.5627993557838
STATION_13,2024-12-22,237.85000000000008,236.69111356476816
STATION_13,2024-12-23,211.47999999999993,236.2734499905494
STATION_13,2024-12-24,205.8100000000001,235.6856020901588
STATION_13,2024-12-25,254.85999999999996,237.21503019074473
STATION_13,2024-12-26,244.54000000000002,236.45919828156502
STATION_13,2024-12-27,231.31999999999994,236.76166105011973
STATION_13,2024-12-28,263.3000000000001,235.9815829251197
STATION_13,2024-12-29,224.63999999999993,236.36875638703378
STATION_13,2024-12-30,256.44999999999993,236.4543612454322
STATION_13,2024-12-31,233.51000000000002,235.9502108548072
STATION_14,2024-08-07,20.36,44.02603849173881
STATION_14,2024-08-08,63.400000000000006,45.104159677041544
STATION_14,2024-08-09,78.12000000000002,47.364261758340376
STATION_14,2024-08-10,39.21999999999999,45.0009621977935
STATION_14,2024-08-11,25.21999999999999,45.18081144095756
STATION_14,2024-08-12,10.000000000000002,45.7702996611724
STATION_14,2024-08-13,28.379999999999995,44.62608045340873
STATION_14,2024-08-14,45.730000000000004,47.951108682168496
STATION_14,2024-08-15,79.98,44.771549355996626
STATION_14,2024-08-16,61.46000000000002,46.208998239053265
STATION_14,2024-08-17,54.10000000000001,45.239261758340376
STATION_14,2024-08-18,40.00000000000001,45.361501443398964
STATION_14,2024-08-19,36.339999999999996,45.150014626992714
STATION_14,2024-08-20,76.10999999999997,44.51119931937553
STATION_14,2024-08-21,52.01,46.79609769584037
STATION_14,2024-08-22,10.000000000000002,45.290008676064986
STATION_14,2024-08-23,34.53,45.072602975381386
STATION_14,2024-08-24,30.839999999999993,46.88695844413139
STATION_14,2024-08-25,37.07000000000001,45.894379556191936
STATION_14,2024-08-26,59.26000000000001,47.69237684012748
STATION_14,2024-08-27,45.85,46.54354718924858
STATION_14,2024-08-28,46.459999999999994,47.05396817923881
STATION_14,2024-08-29,74.27000000000002,44.308478677285684
STATION_14,2024-08-30,34.07,44.648225533975136
STATION_14,2024-08-31,85.28000000000003,46.08669751883842
STATION_14,2024-09-01,34.57000000000001,44.37680249226889
STATION_14,2024-09-02,49.779999999999994,42.716309785970054
STATION_14,2024-09-03,42.38,43.967746400960294
STATION_14,2024-09-04,50.47,44.32458004964193
STATION_14,2024-09-05,56.89000000000003,42.31203579915365
STATION_14,2024-09-06,56.68000000000001,43.847787141927085
STATION_14,2024-09-07,32.94,42.2579708577474
STATION_14,2024-09-08,25.540000000000006,42.50597424519857
STATION_14,2024-09-09,98.06000000000003,42.67499279988607
STATION_14,2024-09-10,38.32,43.549419832356776
STATION_14,2024-09-11,61.980000000000004,42.80304150594076
STATION_14,2024-09-12,15.850000000000001,39.75457844746908
STATION_14,2024-09-13,42.41,40.217034959920255
STATION_14,2024-09-14,45.459999999999994,44.50811047566732
STATION_14,2024-09-15,57.46,46.315585756429044
STATION_14,2024-09-16,10.000000000000002,41.63720211995443
STATION_14,2024-09-17,51.32,44.0544308186849
STATION_14,2024-09-18,25.009999999999998,41.738839388020835
STATION_14,2024-09-19,54.49000000000002,44.91279034627279
STATION_14,2024-09-20,27.27,44.8193233968099
STATION_14,2024-09-21,30.890000000000004,45.083904695638026
STATION_14,2024-09-22,42.529999999999994,43.19225506795248
STATION_14,2024-09-23,26.950000000000003,45.67125821126302
STATION_14,2024-09-24,38.489999999999995,46.546203279622404
STATION_14,2024-09-25,24.129999999999995,44.20228314412435
STATION_14,2024-09-26,11.339999999999998,49.62816891682943
STATION_14,2024-09-27,68.36000000000003,47.09961133015951
STATION_14,2024-09-28,22.08,45.34042553914389
STATION_14,2024-09-29,44.43000000000001,43.89264111531576
STATION_14,2024-09-30,63.05999999999999,42.538171815999355
STATION_14,2024-10-01,127.70000000000002,140.25007920000633
STATION_14,2024-10-02,123.49999999999996,138.50207047197898
STATION_14,2024-10-03,144.52000000000007,142.3607481453188
STATION_14,2024-10-04,162.35999999999996,141.45678086016255
STATION_14,2024-10-05,116.61000000000004,141.9717100593813
STATION_14,2024-10-06,137.00000000000006,142.3261442634829
STATION_14,2024-10-07,105.35,141.88342270586568
STATION_14,2024-10-08,132.14,142.21398606035788
STATION_14,2024-10-09,140.68,142.1718473884829
STATION_14,2024-10-10,122.91000000000003,142.10729965899068
STATION_14,2024-10-11,130.86000000000007,142.32247299883443
STATION_14,2024-10-12,111.84000000000005,141.14808640215475
STATION_14,2024-10-13,141.53999999999994,141.41746811602195
STATION_14,2024-10-14,161.11,141.51524033281882
STATION_14,2024-10-15,118.06000000000002,141.70399460527975
STATION_14,2024-10-16,127.55000000000001,141.9742186043032
STATION_14,2024-10-17,150.05000000000007,140.833840796686
STATION_14,2024-10-18,164.23999999999992,141.88328537676412
STATION_14,2024-10-19,110.13999999999999,141.22523789141258
STATION_14,2024-10-20,136.61999999999995,141.56299423906881
STATION_14,2024-10-21,145.66,141.33553757402976
STATION_14,2024-10-22,137.95999999999995,141.6530546638735
STATION_14,2024-10-23,90.45999999999997,141.67372727129538
STATION_14,2024-10-24,150.02,141.71942429277976
STATION_14,2024-10-25,170.38999999999993,141.77933029863914
STATION_14,2024-10-26,142.32999999999996,140.9383268806704
STATION_14,2024-10-27,119.38000000000001,140.90367722246725
STATION_14,2024-10-28,129.74000000000004,140.9918943855532
STATION_14,2024-10-29,175.4,141.15765671465476
STATION_14,2024-10-30,158.2,141.26016831133444
STATION_14,2024-10-31,152.80000000000004,141.9984648201235
STATION_14,2024-11-01,237.12999999999994,226.5804921061198
STATION_14,2024-11-02,216.78000000000006,226.7391285807292
STATION_14,2024-11-03,225.98999999999995,227.15369156901042
STATION_14,2024-11-04,228.43999999999994,227.25982255045574
STATION_14,2024-11-05,240.98999999999995,227.4294941813151
STATION_14,2024-11-06,260.18000000000006,227.67676590983075
STATION_14,2024-11-07,252.36999999999998,227.21388749186198
STATION_14,2024-11-08,201.61,226.73543290201823
STATION_14,2024-11-09,234.48000000000002,227.30021256510418
STATION_14,2024-11-10,244.74,226.80555314127605
STATION_14,2024-11-11,242.38000000000002,226.80587357584636
STATION_14,2024-11-12,217.42000000000004,226.83456009928386
STATION_14,2024-11-13,288.2799999999999,227.23586014811198
STATION_14,2024-11-14,204.46000000000006,226.6426533610026
STATION_14,2024-11-15,208.34000000000006,227.10335892740886
STATION_14,2024-11-16,234.67,227.21875199381512
STATION_14,2024-11-17,272.34,226.88334244791668
STATION_14,2024-11-18,213.27999999999994,226.5116200358073
STATION_14,2024-11-19,224.6800000000001,226.9260975748698
STATION_14,2024-11-20,251.54999999999995,227.4084950358073
STATION_14,2024-11-21,229.64000000000004,226.85934342447916
STATION_14,2024-11-22,223.30999999999992,227.2963856608073
STATION_14,2024-11-23,241.31,227.1265797526042
STATION_14,2024-11-24,235.45000000000002,227.3059315592448
STATION_14,2024-11-25,250.61000000000004,227.45231217447918
STATION_14,2024-11-26,255.83000000000004,226.8689930826823
STATION_14,2024-11-27,236.14000000000001,227.18487443033854
STATION_14,2024-11-28,235.83000000000004,227.08300980631512
STATION_14,2024-11-29,234.28000000000006,226.96241349283855
STATION_14,2024-11-30,239.77999999999997,226.6867665201823
STATION_14,2024-12-01,231.10000000000002,228.44934079274827
STATION_14,2024-12-02,229.9900000000001,228.29265133962326
STATION_14,2024-12-03,253.93,228.3258178435295
STATION_14,2024-12-04,260.32000000000005,228.42011715993576
STATION_14,2024-12-05,199.84999999999994,228.79288937673263
STATION_14,2024-12-06,230.20000000000005,228.9357757292717
STATION_14,2024-12-07,216.22999999999993,228.88266903981858
STATION_14,2024-12-08,223.77999999999992,228.89154049977952
STATION_14,2024-12-09,238.04999999999998,229.1298370085686
STATION_14,2024-12-10,243.39000000000004,229.1626556120842
STATION_14,2024-12-11,227.76000000000002,229.204846163842
STATION_14,2024-12-12,191.72999999999993,229.0594787322014
STATION_14,2024-12-13,210.70000000000005,229.19237973317794
STATION_14,2024-12-14,247.93000000000012,229.20800778493577
STATION_14,2024-12-15,175.18999999999994,228.97319333181076
STATION_14,2024-12-16,253.75,228.98129880056075
STATION_14,2024-12-17,240.4199999999999,229.0869048796623
STATION_14,2024-12-18,256.31999999999994,229.29614255056077
STATION_14,2024-12-19,226.03000000000003,229.20862118825607
STATION_14,2024-12-20,188.76999999999998,229.1505950652092
STATION_14,2024-12-21,238.61000000000004,229.23205258474044
STATION_14,2024-12-22,255.49,228.99256894216234
STATION_14,2024-12-23,248.49,228.7013519011467
STATION_14,2024-12-24,216.75,228.1347228728264
STATION_14,2024-12-25,231.74000000000004,228.8416869841545
STATION_14,2024-12-26,219.34000000000006,229.3408569060295
STATION_14,2024-12-27,213.61000000000007,228.84447629079514
STATION_14,2024-12-28,249.10999999999996,228.73744809255294
STATION_14,2024-12-29,206.05,228.86370846852952
STATION_14,2024-12-30,212.12000000000003,229.0739654265373
STATION_14,2024-12-31,207.92,229.01420590505296
STATION_15,2024-08-07,47.92000000000001,46.75630933936866
STATION_15,2024-08-08,82.10999999999997,42.897003003919444
STATION_15,2024-08-09,28.190000000000005,45.03968794044288
STATION_15,2024-08-10,46.72,44.9484213083628
STATION_15,2024-08-11,16.529999999999998,44.70599882301124
STATION_15,2024-08-12,55.44000000000001,46.2447836130503
STATION_15,2024-08-13,25.699999999999996,46.949543592298355
STATION_15,2024-08-14,42.43000000000001,45.24865324195655
STATION_15,2024-08-15,40.56,46.56872617896828
STATION_15,2024-08-16,53.62,47.633182355726085
STATION_15,2024-08-17,36.94,46.85058195289405
STATION_15,2024-08-18,36.089999999999996,46.05759260352882
STATION_15,2024-08-19,76.72,46.50903913673194
STATION_15,2024-08-20,53.68999999999999,44.7947820871714
STATION_15,2024-08-21,36.78000000000001,45.88897916969093
STATION_15,2024-08-22,42.97999999999999,44.7679868906382
STATION_15,2024-08-23,80.90999999999997,45.79852430518898
STATION_15,2024-08-24,43.29999999999999,45.15796796973976
STATION_15,2024-08-25,34.21000000000001,44.90864469703468
STATION_15,2024-08-26,34.3,43.45013067420753
STATION_15,2024-08-27,37.02,46.8306463449839
STATION_15,2024-08-28,36.11,46.87468397315773
STATION_15,2024-08-29,22.41,46.04640333350929
STATION_15,2024-08-30,25.520000000000003,47.38003065284523
STATION_15,2024-08-31,31.40999999999999,49.22035429176124
STATION_15,2024-09-01,59.82999999999999,50.5297052327474
STATION_15,2024-09-02,40.38000000000001,51.01823977864584
STATION_15,2024-09-03,43.85999999999999,51.17395953572592
STATION_15,2024-09-04,73.40000000000003,48.93412112630209
STATION_15,2024-09-05,73.90000000000003,48.11232623494467
STATION_15,2024-09-06,42.36,49.28860492146811
STATION_15,2024-09-07,35.38000000000001,48.805205721028656
STATION_15,2024-09-08,30.71,48.681866640218104
STATION_15,2024-09-09,61.86000000000001,49.98485736287436
STATION_15,2024-09-10,43.91,49.611508363850916
STATION_15,2024-09-11,40.27000000000001,48.63838824666342
STATION_15,2024-09-12,31.730000000000004,47.34038333333334
STATION_15,2024-09-13,32.61000000000001,47.28134631551107
STATION_15,2024-09-14,54.39999999999999,49.24930514729819
STATION_15,2024-09-15,21.69,49.60382403767905
STATION_15,2024-09-16,67.89999999999999,50.60776156819662
STATION_15,2024-09-17,37.32,47.918655580647794
STATION_15,2024-09-18,45.01,48.85794619954428
STATION_15,2024-09-19,21.260000000000005,48.309558290608734
STATION_15,2024-09-20,47.74999999999999,52.40360202229819
STATION_15,2024-09-21,41.42999999999999,50.18793658650717
STATION_15,2024-09-22,47.00000000000001,51.890126222737635
STATION_15,2024-09-23,77.42999999999998,50.69089145100912
STATION_15,2024-09-24,51.55,51.651634401448575
STATION_15,2024-09-25,32.10999999999999,50.93800982869467
STATION_15,2024-09-26,33.77000000000001,49.7917413655599
STATION_15,2024-09-27,59.89999999999999,49.6934244099935
STATION_15,2024-09-28,73.96999999999997,50.40947513020834
STATION_15,2024-09-29,53.63999999999999,49.832647127278655
STATION_15,2024-09-30,61.769999999999996,49.06677417195639
STATION_15,2024-10-01,152.19000000000003,135.8695357666016
STATION_15,2024-10-02,168.38,132.9673201904297
STATION_15,2024-10-03,101.01,132.33870385742188
STATION_15,2024-10-04,153.34000000000003,136.53935083007815
STATION_15,2024-10-05,159.66999999999993,134.17801660156252
STATION_15,2024-10-06,113.23000000000005,135.266712890625
STATION_15,2024-10-07,122.28999999999996,136.35537255859376
STATION_15,2024-10-08,122.98000000000003,136.35540002441408
STATION_15,2024-10-09,125.41999999999997,137.16528771972656
STATION_15,2024-10-10,130.37000000000006,136.68849023437502
STATION_15,2024-10-11,144.85,136.74033044433594
STATION_15,2024-10-12,157.31,136.47477868652345
STATION_15,2024-10-13,161.63000000000005,135.1015731201172
STATION_15,2024-10-14,123.23999999999995,135.41743005371094
STATION_15,2024-10-15,123.11000000000004,135.17734826660157
STATION_15,2024-10-16,166.32000000000005,135.77614282226563
STATION_15,2024-10-17,152.92999999999998,136.03190148925782
STATION_15,2024-10-18,141.66,136.5389296875
STATION_15,2024-10-19,149.47000000000003,135.79594873046875
STATION_15,2024-10-20,139.40000000000006,135.50391992187502
STATION_15,2024-10-21,150.49,135.86110070800783
STATION_15,2024-10-22,133.27999999999997,135.0772811279297
STATION_15,2024-10-23,145.38000000000005,135.69575952148438
STATION_15,2024-10-24,109.78999999999996,134.58635400390625
STATION_15,2024-10-25,126.24,135.77619775390627
STATION_15,2024-10-26,126.45999999999995,135.30261071777346
STATION_15,2024-10-27,132.50999999999993,135.0514205322266
STATION_15,2024-10-28,121.46999999999998,135.0507644042969
STATION_15,2024-10-29,129.33000000000004,134.81347802734376
STATION_15,2024-10-30,109.70999999999995,134.49404138183596
STATION_15,2024-10-31,150.96999999999994,134.36063684082032
STATION_15,2024-11-01,228.34999999999997,226.57196365559895
STATION_15,2024-11-02,195.89999999999998,227.18007217610676
STATION_15,2024-11-03,213.29999999999998,227.6567414876302
STATION_15,2024-11-04,236.72999999999996,227.4566163655599
STATION_15,2024-11-05,219.14000000000007,227.44549881184895
STATION_15,2024-11-06,216.06000000000006,228.0052735921224
STATION_15,2024-11-07,228.51000000000008,227.98939224446616
STATION_15,2024-11-08,236.87,227.9170655843099
STATION_15,2024-11-09,201.26999999999995,227.6799317952474
STATION_15,2024-11-10,241.00000000000009,227.9018067952474
STATION_15,2024-11-11,213.99000000000007,227.36080948079427
STATION_15,2024-11-12,229.64000000000004,227.41790176595052
STATION_15,2024-11-13,229.29,227.73029495442708
STATION_15,2024-11-14,219.46000000000006,227.50428177083333
STATION_15,2024-11-15,209.52999999999997,227.6935029622396
STATION_15,2024-11-16,224.28999999999996,227.8389466878255
STATION_15,2024-11-17,262.50999999999993,227.2992951985677
STATION_15,2024-11-18,202.76999999999998,227.3643342610677
STATION_15,2024-11-19,263.8499999999999,227.54615493977866
STATION_15,2024-11-20,224.80999999999995,227.3974397298177
STATION_15,2024-11-21,230.71,227.17959915364582
STATION_15,2024-11-22,208.27,227.5014405843099
STATION_15,2024-11-23,214.56999999999996,227.54244095052084
STATION_15,2024-11-24,219.9399999999999,227.93651138509114
STATION_15,2024-11-25,209.08999999999995,227.57850357259116
STATION_15,2024-11-26,225.82000000000002,228.25472122395834
STATION_15,2024-11-27,221.85999999999993,227.9474641438802
STATION_15,2024-11-28,267.0199999999999,228.07097488606772
STATION_15,2024-11-29,206.6800000000001,227.748004305013
STATION_15,2024-11-30,232.04999999999998,227.6851808186849
STATION_15,2024-12-01,234.95999999999998,228.29643142798642
STATION_15,2024-12-02,208.58999999999997,228.13472793677548
STATION_15,2024-12-03,243.74,228.3001667795489
STATION_15,2024-12-04,222.02999999999994,228.52217910865048
STATION_15,2024-12-05,180.14999999999998,228.81553848365047
STATION_15,2024-12-06,243.19999999999993,228.65986221411922
STATION_15,2024-12-07,207.66000000000005,228.24880874732236
STATION_15,2024-12-08,209.03999999999996,228.2285847482989
STATION_15,2024-12-09,243.7599999999999,228.55154312232236
STATION_15,2024-12-10,223.05999999999992,228.19609268286922
STATION_15,2024-12-11,248.36,228.7262348947833
STATION_15,2024-12-12,254.19999999999996,228.5784596262286
STATION_15,2024-12-13,217.1,228.07353103736142
STATION_15,2024-12-14,245.86999999999998,228.15453994849423
STATION_15,2024-12-15,214.89000000000004,227.85110672095516
STATION_15,2024-12-16,274.65999999999997,227.7992146311114
STATION_15,2024-12-17,216.14000000000001,227.8833973703692
STATION_15,2024-12-18,250.52,227.95524490454892
STATION_15,2024-12-19,246.88000000000002,227.85437515357233
STATION_15,2024-12-20,236.3199999999999,227.91822403052547
STATION_15,2024-12-21,216.59000000000006,227.9409352121661
STATION_15,2024-12-22,226.97000000000008,227.9143452463458
STATION_15,2024-12-23,186.93000000000006,228.57720840552548
STATION_15,2024-12-24,234.4899999999999,228.0884693918536
STATION_15,2024-12-25,236.98999999999995,228.4383930979083
STATION_15,2024-12-26,232.67000000000004,228.32154129126766
STATION_15,2024-12-27,170.53000000000003,227.74526565650203
STATION_15,2024-12-28,204.68999999999997,228.2310475168536
STATION_15,2024-12-29,215.03999999999994,227.65214431861142
STATION_15,2024-12-30,235.83000000000004,227.96971023658017
STATION_15,2024-12-31,235.7899999999999,228.06244400122858
STATION_16,2024-08-07,29.050000000000004,48.752821155445
STATION_16,2024-08-08,73.05999999999999,46.762303729907885
STATION_16,2024-08-09,46.199999999999996,47.489883991138356
STATION_16,2024-08-10,71.52000000000002,47.20071391667547
STATION_16,2024-08-11,70.70000000000003,47.0909444769782
STATION_16,2024-08-12,56.6,48.319710346118825
STATION_16,2024-08-13,58.16999999999998,46.71079387273015
STATION_16,2024-08-14,56.44999999999998,45.54237041081609
STATION_16,2024-08-15,10.000000000000002,48.065489765064136
STATION_16,2024-08-16,50.36999999999999,47.33449534978094
STATION_16,2024-08-17,25.679999999999996,48.550727649585625
STATION_16,2024-08-18,51.41999999999999,45.8833646735114
STATION_16,2024-08-19,25.139999999999997,46.815028186694995
STATION_16,2024-08-20,24.299999999999997,47.04804133977117
STATION_16,2024-08-21,80.1,49.50608653630437
STATION_16,2024-08-22,69.38999999999997,49.13875178898992
STATION_16,2024-08-23,47.92000000000001,50.70858668889226
STATION_16,2024-08-24,51.699999999999996,47.59033565129461
STATION_16,2024-08-25,43.04,46.67272243107976
STATION_16,2024-08-26,59.39999999999999,46.98616771306219
STATION_16,2024-08-27,34.48,45.6587194403571
STATION_16,2024-08-28,67.87000000000003,47.377414508716484
STATION_16,2024-08-29,42.940000000000005,46.641644855396166
STATION_16,2024-08-30,39.60000000000001,47.13487987126531
STATION_16,2024-08-31,48.42999999999999,46.55742320622625
STATION_16,2024-09-01,36.17999999999999,51.536901617431646
STATION_16,2024-09-02,54.569999999999986,50.14745841064454
STATION_16,2024-09-03,37.25,51.320663214111335
STATION_16,2024-09-04,57.37000000000002,51.6347051147461
STATION_16,2024-09-05,72.32000000000002,51.11194586791993
STATION_16,2024-09-06,33.61000000000001,51.74640326538086
STATION_16,2024-09-07,45.39000000000001,51.79806723632813
STATION_16,2024-09-08,57.22999999999998,50.52018942871094
STATION_16,2024-09-09,39.28000000000001,49.53493552246094
STATION_16,2024-09-10,57.290000000000006,51.95005469360352
STATION_16,2024-09-11,59.10999999999998,50.041208410644536
STATION_16,2024-09-12,69.67,48.961104345703134
STATION_16,2024-09-13,35.879999999999995,52.419347143554695
STATION_16,2024-09-14,29.139999999999997,51.09652762451172
STATION_16,2024-09-15,41.849999999999994,50.73312811889649
STATION_16,2024-09-16,28.639999999999997,52.009393835449224
STATION_16,2024-09-17,59.29000000000001,50.45721793212891
STATION_16,2024-09-18,24.76,49.03957724609376
STATION_16,2024-09-19,94.66,49.72064871826173
STATION_16,2024-09-20,73.91999999999997,51.25760092773438
STATION_16,2024-09-21,48.24999999999999,51.63952231445313
STATION_16,2024-09-22,65.35000000000001,51.39057669677735
STATION_16,2024-09-23,15.260000000000002,50.58941016235352
STATION_16,2024-09-24,98.46999999999997,52.43236823120118
STATION_16,2024-09-25,36.20000000000001,51.18048682250977
STATION_16,2024-09-26,45.59,51.42078223266602
STATION_16,2024-09-27,10.879999999999999,49.147654486083994
STATION_16,2024-09-28,57.73000000000002,53.16898474731446
STATION_16,2024-09-29,25.869999999999997,49.63114523925782
STATION_16,2024-09-30,50.029999999999994,52.27328619995118
STATION_16,2024-10-01,129.10999999999996,141.11724255371092
STATION_16,2024-10-02,118.45000000000002,143.34025891113282
STATION_16,2024-10-03,123.90999999999995,140.06680615234376
STATION_16,2024-10-04,144.52000000000007,142.12207653808593
STATION_16,2024-10-05,114.36999999999996,141.2044862060547
STATION_16,2024-10-06,125.02000000000001,141.92452404785155
STATION_16,2024-10-07,153.26999999999995,141.78736889648437
STATION_16,2024-10-08,192.05000000000007,141.63191235351562
STATION_16,2024-10-09,149.54999999999998,141.2339112548828
STATION_16,2024-10-10,121.64999999999999,141.1354005126953
STATION_16,2024-10-11,132.65999999999997,139.87396862792968
STATION_16,2024-10-12,140.63,140.54271862792967
STATION_16,2024-10-13,133.00999999999996,140.79479382324217
STATION_16,2024-10-14,158.05999999999997,141.2731416015625
STATION_16,2024-10-15,144.35000000000002,140.56517041015624
STATION_16,2024-10-16,158.16000000000003,141.55256665039062
STATION_16,2024-10-17,133.71000000000004,140.4535889892578
STATION_16,2024-10-18,166.51000000000005,141.3253602294922
STATION_16,2024-10-19,136.67000000000002,140.90981762695313
STATION_16,2024-10-20,120.57999999999997,141.10673840332032
STATION_16,2024-10-21,183.55000000000007,140.88276379394532
STATION_16,2024-10-22,103.49999999999999,141.14790661621095
STATION_16,2024-10-23,125.23000000000005,140.94625866699218
STATION_16,2024-10-24,127.45999999999998,140.6037568359375
STATION_16,2024-10-25,190.17,142.02501843261717
STATION_16,2024-10-26,176.13999999999996,141.32512829589842
STATION_16,2024-10-27,169.88000000000002,140.59446728515624
STATION_16,2024-10-28,133.39000000000004,140.00630810546875
STATION_16,2024-10-29,188.51999999999998,140.2700379638672
STATION_16,2024-10-30,147.37,138.9671357421875
STATION_16,2024-10-31,159.55000000000007,140.80526135253905
STATION_16,2024-11-01,233.5900000000001,232.05174012858078
STATION_16,2024-11-02,229.01000000000005,232.6962042399089
STATION_16,2024-11-03,224.96000000000004,233.32739320475264
STATION_16,2024-11-04,225.81000000000003,232.90538087565108
STATION_16,2024-11-05,242.1699999999999,233.03743653971358
STATION_16,2024-11-06,237.33999999999995,233.1862158365886
STATION_16,2024-11-07,229.36999999999995,233.09448610026044
STATION_16,2024-11-08,260.19,232.8661535807292
STATION_16,2024-11-09,170.65999999999994,232.8711065836589
STATION_16,2024-11-10,240.20000000000007,233.24790406901045
STATION_16,2024-11-11,244.34999999999997,232.90268922526045
STATION_16,2024-11-12,252.9399999999999,232.89548707682295
STATION_16,2024-11-13,228.70000000000005,232.7932776041667
STATION_16,2024-11-14,234.15999999999994,232.81883607584638
STATION_16,2024-11-15,249.72,233.14972596842452
STATION_16,2024-11-16,259.82000000000005,233.15424256998702
STATION_16,2024-11-17,223.9900000000001,232.33237672526045
STATION_16,2024-11-18,235.34,232.79600587565108
STATION_16,2024-11-19,263.57000000000005,231.30974183756513
STATION_16,2024-11-20,187.52,232.61316590983077
STATION_16,2024-11-21,216.19999999999993,232.70160585123702
STATION_16,2024-11-22,259.32,232.95883851725264
STATION_16,2024-11-23,251.84999999999994,233.076898819987
STATION_16,2024-11-24,240.45,232.69339357096356
STATION_16,2024-11-25,221.03000000000003,232.62348390299482
STATION_16,2024-11-26,212.36000000000004,232.88472963053388
STATION_16,2024-11-27,218.18,233.1757483072917
STATION_16,2024-11-28,260.9599999999999,233.32458863932294
STATION_16,2024-11-29,217.43000000000004,232.78857484537764
STATION_16,2024-11-30,232.02999999999994,232.93967652994795
STATION_16,2024-12-01,214.93,224.76540199722785
STATION_16,2024-12-02,246.85999999999996,225.12749611343878
STATION_16,2024-12-03,219.23,225.18673683609504
STATION_16,2024-12-04,228.05,224.94978004898567
STATION_16,2024-12-05,196.32999999999993,225.45876137222785
STATION_16,2024-12-06,197.73000000000002,225.05789772476692
STATION_16,2024-12-07,230.14999999999992,225.03187843765755
STATION_16,2024-12-08,203.50000000000006,224.7768613478138
STATION_16,2024-12-09,272.1,225.01975075211067
STATION_16,2024-12-10,188.76999999999998,223.86013161148566
STATION_16,2024-12-11,213.99999999999991,224.86615272964974
STATION_16,2024-12-12,230.33,224.83005653824347
STATION_16,2024-12-13,222.70000000000005,224.9498868605091
STATION_16,2024-12-14,207.92,224.74797951187628
STATION_16,2024-12-15,210.84,225.0280606886341
STATION_16,2024-12-16,210.19000000000008,226.02985207047004
STATION_16,2024-12-17,224.2700000000001,225.29066750015755
STATION_16,2024-12-18,269.03999999999996,225.01588722672005
STATION_16,2024-12-19,231.5600000000001,224.9634641310169
STATION_16,2024-12-20,253.6600000000001,224.91839882339974
STATION_16,2024-12-21,240.14000000000004,223.96587501968878
STATION_16,2024-12-22,252.28,224.60285011734504
STATION_16,2024-12-23,174.00000000000006,223.91696144547004
STATION_16,2024-12-24,223.91,224.51595741714974
STATION_16,2024-12-25,256.1399999999999,225.2012509962513
STATION_16,2024-12-26,218.5699999999999,224.6086240431263
STATION_16,2024-12-27,265.25000000000006,224.84772316422004
STATION_16,2024-12-28,259.68,224.01760536636849
STATION_16,2024-12-29,220.61999999999998,224.57841774429818
STATION_16,2024-12-30,219.9399999999999,224.40592018570442
STATION_16,2024-12-31,209.73000000000002,224.6558408400013
STATION_17,2024-08-07,89.13000000000002,46.26737618771115
STATION_17,2024-08-08,38.57999999999999,47.515741208463105
STATION_17,2024-08-09,61.11999999999997,49.64145074215451
STATION_17,2024-08-10,63.379999999999995,47.09373956051389
STATION_17,2024-08-11,45.21000000000001,48.090943387418186
STATION_17,2024-08-12,60.14000000000001,47.042560056119356
STATION_17,2024-08-13,52.92000000000001,45.31813836422482
STATION_17,2024-08-14,19.650000000000002,47.24339623775998
STATION_17,2024-08-15,41.35,47.63762154903928
STATION_17,2024-08-16,35.75,48.63879876461545
STATION_17,2024-08-17,38.77,49.61181359615842
STATION_17,2024-08-18,21.92,51.11831841793576
STATION_17,2024-08-19,70.53000000000002,50.092503598599826
STATION_17,2024-08-20,80.03999999999998,49.67858071651975
STATION_17,2024-08-21,67.56,50.26439919796506
STATION_17,2024-08-22,73.40999999999997,47.194818356900605
STATION_17,2024-08-23,41.10999999999999,47.742652371793184
STATION_17,2024-08-24,35.27000000000001,47.39525018063107
STATION_17,2024-08-25,32.43,46.25126900997678
STATION_17,2024-08-26,60.880000000000024,49.07440438595334
STATION_17,2024-08-27,52.53999999999999,46.581685880093964
STATION_17,2024-08-28,46.459999999999994,47.556259396939666
STATION_17,2024-08-29,73.90000000000003,47.05427728024045
STATION_17,2024-08-30,56.1,46.01226449337521
STATION_17,2024-08-31,31.230000000000004,47.32635217037717
STATION_17,2024-09-01,34.379999999999995,46.08212271931967
STATION_17,2024-09-02,61.64000000000003,46.448303902180996
STATION_17,2024-09-03,68.83000000000001,48.32327185872397
STATION_17,2024-09-04,59.029999999999994,48.01393424275717
STATION_17,2024-09-05,85.93999999999998,46.88462744954428
STATION_17,2024-09-06,80.7,47.0661864400228
STATION_17,2024-09-07,56.820000000000014,45.97468558553061
STATION_17,2024-09-08,31.230000000000004,45.824394905598965
STATION_17,2024-09-09,21.8,46.25685416463217
STATION_17,2024-09-10,40.25,47.94381552937826
STATION_17,2024-09-11,63.05999999999999,47.69285498860678
STATION_17,2024-09-12,84.52999999999997,44.42306853535971
STATION_17,2024-09-13,56.35,45.76684027913412
STATION_17,2024-09-14,71.37,46.728063881429044
STATION_17,2024-09-15,43.09000000000001,47.23495246175131
STATION_17,2024-09-16,60.459999999999994,45.856112587483736
STATION_17,2024-09-17,64.46999999999997,45.51007605794272
STATION_17,2024-09-18,10.000000000000002,47.450849068196625
STATION_17,2024-09-19,39.73,48.810912239583345
STATION_17,2024-09-20,66.99000000000002,48.324987709554044
STATION_17,2024-09-21,53.49,46.29924918416342
STATION_17,2024-09-22,24.070000000000004,48.479126656087246
STATION_17,2024-09-23,10.000000000000002,47.20798407796225
STATION_17,2024-09-24,40.67999999999999,46.395341408284516
STATION_17,2024-09-25,46.57000000000001,49.11842185262045
STATION_17,2024-09-26,30.319999999999997,46.30204688313803
STATION_17,2024-09-27,50.86000000000001,49.971994698079435
STATION_17,2024-09-28,58.12999999999999,48.22633353474936
STATION_17,2024-09-29,61.409999999999975,49.70853720906577
STATION_17,2024-09-30,10.000000000000002,47.92520056966147
STATION_17,2024-10-01,113.70999999999998,136.0928892192225
STATION_17,2024-10-02,133.91000000000003,134.02077313035534
STATION_17,2024-10-03,151.44000000000003,130.7263746318202
STATION_17,2024-10-04,149.77999999999997,134.10227337449595
STATION_17,2024-10-05,149.44000000000003,134.0458616313319
STATION_17,2024-10-06,132.32999999999998,134.6962247905116
STATION_17,2024-10-07,133.45000000000005,134.81795940965222
STATION_17,2024-10-08,125.43000000000004,134.7611875590663
STATION_17,2024-10-09,155.36,135.3490842875819
STATION_17,2024-10-10,121.59000000000002,135.47311688035535
STATION_17,2024-10-11,157.00000000000003,135.38149700730847
STATION_17,2024-10-12,144.15999999999994,135.090569883285
STATION_17,2024-10-13,139.10000000000005,134.0979337748866
STATION_17,2024-10-14,126.87000000000003,134.57566814988658
STATION_17,2024-10-15,112.88999999999997,134.68813458055064
STATION_17,2024-10-16,127.05000000000001,135.42683392137096
STATION_17,2024-10-17,133.39999999999998,134.7646818217616
STATION_17,2024-10-18,92.61999999999996,134.77790203660533
STATION_17,2024-10-19,136.04999999999998,134.38389263719128
STATION_17,2024-10-20,158.49000000000004,134.57241497605847
STATION_17,2024-10-21,151.33999999999997,134.8034544047694
STATION_17,2024-10-22,130.07999999999996,134.46890240281627
STATION_17,2024-10-23,140.94000000000005,134.66836529344127
STATION_17,2024-10-24,128.87999999999997,134.54635296433972
STATION_17,2024-10-25,142.98000000000005,135.0261838969569
STATION_17,2024-10-26,170.80000000000007,134.48621502488658
STATION_17,2024-10-27,159.37000000000003,133.83347149461315
STATION_17,2024-10-28,150.41999999999993,133.71953411668346
STATION_17,2024-10-29,130.14,133.4438047465663
STATION_17,2024-10-30,155.0,133.26778851121472
STATION_17,2024-10-31,106.26,133.8524290141444
STATION_17,2024-11-01,224.95000000000007,231.08893185221356
STATION_17,2024-11-02,241.66999999999996,230.5527380045573
STATION_17,2024-11-03,244.80999999999995,232.23822689615886
STATION_17,2024-11-04,243.40000000000006,231.9054906901042
STATION_17,2024-11-05,235.89999999999998,231.55818844401043
STATION_17,2024-11-06,226.09000000000003,232.39527645670574
STATION_17,2024-11-07,240.76000000000005,231.5479040201823
STATION_17,2024-11-08,210.94000000000008,231.96764278971355
STATION_17,2024-11-09,213.11000000000004,232.36061764322918
STATION_17,2024-11-10,231.23000000000008,231.79282589518232
STATION_17,2024-11-11,233.45999999999992,232.05568600260418
STATION_17,2024-11-12,193.48999999999995,231.90696774088542
STATION_17,2024-11-13,239.10000000000008,232.71556454264325
STATION_17,2024-11-14,245.44999999999993,232.38792477213542
STATION_17,2024-11-15,228.45,232.07462521158857
STATION_17,2024-11-16,277.49,232.43082943522137
STATION_17,2024-11-17,216.34000000000006,231.72743588053387
STATION_17,2024-11-18,222.77999999999992,231.95605221354168
STATION_17,2024-11-19,222.09999999999994,231.84317684733074
STATION_17,2024-11-20,228.48000000000008,232.22774715983076
STATION_17,2024-11-21,223.43000000000004,232.06732235514323
STATION_17,2024-11-22,201.85999999999993,232.28404293619792
STATION_17,2024-11-23,219.07000000000005,233.2997350748698
STATION_17,2024-11-24,228.05,232.4754949625651
STATION_17,2024-11-25,254.5699999999999,232.79952450358076
STATION_17,2024-11-26,274.0399999999999,232.21864376627605
STATION_17,2024-11-27,256.7100000000001,231.79027462565105
STATION_17,2024-11-28,214.49,231.9275426920573
STATION_17,2024-11-29,216.07999999999996,231.5766149576823
STATION_17,2024-11-30,226.81000000000003,232.22799130045576
STATION_17,2024-12-01,265.69,232.67539961882562
STATION_17,2024-12-02,226.69000000000003,232.49692977019282
STATION_17,2024-12-03,203.4499999999999,233.08263228484125
STATION_17,2024-12-04,219.9799999999999,232.97511885710688
STATION_17,2024-12-05,245.14000000000001,233.1896757418725
STATION_17,2024-12-06,243.79999999999998,232.82030623503655
STATION_17,2024-12-07,226.00000000000006,232.84312727995842
STATION_17,2024-12-08,243.67,233.18555586882562
STATION_17,2024-12-09,184.5399999999999,232.62586043425532
STATION_17,2024-12-10,232.07999999999993,233.1176084811303
STATION_17,2024-12-11,247.21000000000012,232.93394454070062
STATION_17,2024-12-12,213.34,233.06315596648187
STATION_17,2024-12-13,213.27,233.057082968435
STATION_17,2024-12-14,192.6699999999999,233.31490157195063
STATION_17,2024-12-15,261.8000000000001,233.14249861784907
STATION_17,2024-12-16,215.59999999999997,232.8400175387475
STATION_17,2024-12-17,234.81999999999994,232.74261763640374
STATION_17,2024-12-18,242.08,232.63373702116937
STATION_17,2024-12-19,260.24,232.69998763152094
STATION_17,2024-12-20,226.9199999999999,232.7552824313256
STATION_17,2024-12-21,219.21000000000004,232.88143904753656
STATION_17,2024-12-22,233.45999999999992,232.91063521452875
STATION_17,2024-12-23,255.68000000000012,233.03121016570063
STATION_17,2024-12-24,226.59999999999997,232.86008894988032
STATION_17,2024-12-25,210.90000000000003,232.73416731902094
STATION_17,2024-12-26,199.18000000000006,233.22233565398187
STATION_17,2024-12-27,205.5699999999999,232.14625533171625
STATION_17,2024-12-28,247.29000000000002,233.14775679656
STATION_17,2024-12-29,223.59,232.95575240202874
STATION_17,2024-12-30,217.8499999999999,233.26210311003655
STATION_17,2024-12-31,215.68000000000004,232.86544783659906
STATION_18,2024-08-07,28.04,50.104246994430966
STATION_18,2024-08-08,22.96,48.446288010055966
STATION_18,2024-08-09,86.52999999999997,48.77693376200909
STATION_18,2024-08-10,34.84,50.12154359477276
STATION_18,2024-08-11,21.779999999999998,50.30678529399151
STATION_18,2024-08-12,13.16,49.991053482468075
STATION_18,2024-08-13,69.5,47.056353470261044
STATION_18,2024-08-14,41.169999999999995,50.33090104716534
STATION_18,2024-08-15,42.93,49.47891664164776
STATION_18,2024-08-16,44.82000000000001,50.17368287699932
STATION_18,2024-08-17,68.26000000000003,48.939437576706354
STATION_18,2024-08-18,44.40999999999999,48.81578950541729
STATION_18,2024-08-19,94.88,48.29082688945049
STATION_18,2024-08-20,50.67999999999999,49.36635026591534
STATION_18,2024-08-21,69.24000000000001,48.83021058696026
STATION_18,2024-08-22,64.10000000000002,47.766749283249325
STATION_18,2024-08-23,47.27000000000001,47.556046768600886
STATION_18,2024-08-24,36.26,47.58093080180401
STATION_18,2024-08-25,54.639999999999986,48.25815248149151
STATION_18,2024-08-26,58.20000000000003,48.798393722946585
STATION_18,2024-08-27,36.54999999999999,49.27830094950909
STATION_18,2024-08-28,51.330000000000005,50.37543306010479
STATION_18,2024-08-29,72.72000000000003,48.81464814799541
STATION_18,2024-08-30,89.40000000000002,48.96056718486065
STATION_18,2024-08-31,65.08999999999997,47.53447999613995
STATION_18,2024-09-01,85.25999999999998,46.344242997233074
STATION_18,2024-09-02,35.410000000000004,46.641970200602216
STATION_18,2024-09-03,62.04,45.90175108439128
STATION_18,2024-09-04,74.76999999999998,46.839035935465496
STATION_18,2024-09-05,30.069999999999997,46.76179823404948
STATION_18,2024-09-06,38.29,46.32124876505534
STATION_18,2024-09-07,82.76,47.44797071940104
STATION_18,2024-09-08,28.500000000000004,45.7822259379069
STATION_18,2024-09-09,21.18,46.941305680338544
STATION_18,2024-09-10,78.56,46.82694258219401
STATION_18,2024-09-11,71.93999999999998,45.78363966471354
STATION_18,2024-09-12,56.64000000000002,46.452458329264324
STATION_18,2024-09-13,47.089999999999996,46.125248856608074
STATION_18,2024-09-14,39.230000000000004,46.45158400065104
STATION_18,2024-09-15,53.63999999999999,45.83209623819987
STATION_18,2024-09-16,79.60000000000002,44.57203840738932
STATION_18,2024-09-17,52.769999999999996,46.03480925089518
STATION_18,2024-09-18,91.34000000000002,46.67783064371745
STATION_18,2024-09-19,30.04,45.90052656656901
STATION_18,2024-09-20,47.61,48.643210740152995
STATION_18,2024-09-21,40.53999999999999,46.868734879557294
STATION_18,2024-09-22,26.300000000000008,48.49865583902995
STATION_18,2024-09-23,44.940000000000005,47.74213041788737
STATION_18,2024-09-24,56.35,47.49764647013346
STATION_18,2024-09-25,58.47999999999998,44.758427567545574
STATION_18,2024-09-26,91.40999999999997,46.507607407633465
STATION_18,2024-09-27,57.290000000000006,46.31842665201823
STATION_18,2024-09-28,71.0,47.034105820719404
STATION_18,2024-09-29,49.31999999999999,46.047759385172526
STATION_18,2024-09-30,81.55999999999999,45.49885649210612
STATION_18,2024-10-01,187.97,143.4782798245338
STATION_18,2024-10-02,150.61999999999995,135.99598459748302
STATION_18,2024-10-03,120.15,139.51891397980722
STATION_18,2024-10-04,129.02,138.77297892121348
STATION_18,2024-10-05,145.63999999999993,140.74181131867442
STATION_18,2024-10-06,149.13000000000005,141.01942667511972
STATION_18,2024-10-07,153.97000000000006,141.6025809719947
STATION_18,2024-10-08,149.19999999999993,141.00087198761972
STATION_18,2024-10-09,140.13999999999993,141.2994468167213
STATION_18,2024-10-10,127.28,141.39189676789317
STATION_18,2024-10-11,148.01999999999998,141.20078653840096
STATION_18,2024-10-12,177.10000000000008,140.01883158234628
STATION_18,2024-10-13,160.40000000000003,140.63274149445567
STATION_18,2024-10-14,150.68999999999997,140.42971415070565
STATION_18,2024-10-15,160.59000000000006,140.72199930695567
STATION_18,2024-10-16,132.58000000000007,140.81833719758066
STATION_18,2024-10-17,129.82999999999998,140.5148093655494
STATION_18,2024-10-18,125.03999999999999,140.7193259671119
STATION_18,2024-10-19,137.48999999999995,140.8267905667213
STATION_18,2024-10-20,131.56000000000006,141.18987040070567
STATION_18,2024-10-21,164.16999999999996,141.25974039582286
STATION_18,2024-10-22,130.49000000000004,141.16199259308848
STATION_18,2024-10-23,123.95000000000005,141.15751871613534
STATION_18,2024-10-24,178.84999999999997,140.71806559113534
STATION_18,2024-10-25,130.97,141.2338736966041
STATION_18,2024-10-26,143.06999999999996,140.48285746125254
STATION_18,2024-10-27,149.03000000000006,140.27858805207285
STATION_18,2024-10-28,117.27000000000001,140.59443583039317
STATION_18,2024-10-29,164.70999999999995,140.55929483918223
STATION_18,2024-10-30,152.73999999999998,140.01067118195567
STATION_18,2024-10-31,171.17000000000002,141.2661216214088
STATION_18,2024-11-01,216.4199999999999,231.28919817708334
STATION_18,2024-11-02,231.97999999999996,232.16765887044272
STATION_18,2024-11-03,230.78999999999994,231.98369585774742
STATION_18,2024-11-04,235.28000000000003,231.7674788167318
STATION_18,2024-11-05,200.90999999999994,232.1402876546224
STATION_18,2024-11-06,232.22,232.7232893636068
STATION_18,2024-11-07,201.47000000000006,232.23702227376305
STATION_18,2024-11-08,237.17000000000004,232.33491961263022
STATION_18,2024-11-09,187.43000000000006,232.02488848470054
STATION_18,2024-11-10,192.96999999999997,231.75951372884117
STATION_18,2024-11-11,246.37000000000006,232.44271380208335
STATION_18,2024-11-12,219.0600000000001,232.00616289876302
STATION_18,2024-11-13,210.24000000000007,232.46354204915366
STATION_18,2024-11-14,255.42000000000007,232.40500323079428
STATION_18,2024-11-15,236.54999999999995,231.76244951985677
STATION_18,2024-11-16,247.43999999999988,231.8904280354818
STATION_18,2024-11-17,226.67999999999995,231.77999407552085
STATION_18,2024-11-18,283.5899999999999,231.7932173421224
STATION_18,2024-11-19,217.91000000000008,231.32081133626303
STATION_18,2024-11-20,264.8899999999999,231.66836993001303
STATION_18,2024-11-21,228.76999999999998,231.53043963216146
STATION_18,2024-11-22,196.91000000000005,231.8569624593099
STATION_18,2024-11-23,239.65999999999988,232.20983416341147
STATION_18,2024-11-24,236.2999999999999,232.07442156575522
STATION_18,2024-11-25,208.97000000000006,231.89197832845053
STATION_18,2024-11-26,211.56000000000003,232.40619036458335
STATION_18,2024-11-27,229.50999999999996,232.7780989339193
STATION_18,2024-11-28,236.98999999999995,232.21302019856773
STATION_18,2024-11-29,180.58999999999995,232.24574114583334
STATION_18,2024-11-30,251.05999999999997,232.63685442708334
STATION_18,2024-12-01,220.10999999999993,231.7409877339025
STATION_18,2024-12-02,203.37,231.79414630323842
STATION_18,2024-12-03,248.81999999999994,231.98380084425406
STATION_18,2024-12-04,229.52999999999997,231.87837176710562
STATION_18,2024-12-05,254.32,231.756539491715
STATION_18,2024-12-06,238.7599999999999,231.79139972120717
STATION_18,2024-12-07,229.97000000000006,231.71765704542594
STATION_18,2024-12-08,226.9499999999999,231.6783229389806
STATION_18,2024-12-09,239.64999999999995,231.6967036762853
STATION_18,2024-12-10,221.72999999999993,231.54051471144155
STATION_18,2024-12-11,212.95000000000007,231.5969935932775
STATION_18,2024-12-12,242.20000000000005,232.09464068800406
STATION_18,2024-12-13,227.11000000000007,231.74576373487906
STATION_18,2024-12-14,230.6699999999999,231.79687152296498
STATION_18,2024-12-15,251.7899999999999,231.6609859028478
STATION_18,2024-12-16,227.71999999999997,231.98506732374625
STATION_18,2024-12-17,230.29999999999995,231.95350604444937
STATION_18,2024-12-18,218.01000000000002,232.10589557081656
STATION_18,2024-12-19,238.61000000000004,231.69822955519155
STATION_18,2024-12-20,237.00000000000009,231.89139666944936
STATION_18,2024-12-21,248.01999999999992,231.62041888624623
STATION_18,2024-12-22,218.42,231.86610675245717
STATION_18,2024-12-23,220.83999999999997,232.30776935011343
STATION_18,2024-12-24,245.8400000000001,231.56234393507435
STATION_18,2024-12-25,235.03999999999996,232.01763263136343
STATION_18,2024-12-26,211.87999999999997,231.9946528950353
STATION_18,2024-12-27,256.13,233.0192653217931
STATION_18,2024-12-28,196.0300000000001,231.87222552687123
STATION_18,2024-12-29,245.69000000000008,231.54146075636342
STATION_18,2024-12-30,204.70000000000002,231.90755267530875
STATION_18,2024-12-31,267.7199999999999,231.6850368061681
STATION_19,2024-08-07,33.36000000000001,47.67147722893793
STATION_19,2024-08-08,23.150000000000002,49.7859097545727
STATION_19,2024-08-09,38.45000000000001,50.01416674309809
STATION_19,2024-08-10,36.07,51.501707941828556
STATION_19,2024-08-11,10.000000000000002,47.605826288996525
STATION_19,2024-08-12,61.99999999999999,49.41587038689691
STATION_19,2024-08-13,92.41000000000001,48.65552492791254
STATION_19,2024-08-14,60.120000000000005,50.11546450310785
STATION_19,2024-08-15,43.940000000000005,51.800328547297305
STATION_19,2024-08-16,46.91,49.698722559748475
STATION_19,2024-08-17,39.580000000000005,48.09882250481684
STATION_19,2024-08-18,49.8,48.991517359553164
STATION_19,2024-08-19,47.25999999999999,49.15337725335199
STATION_19,2024-08-20,31.18,46.33897219353754
STATION_19,2024-08-21,81.66,49.3087254589184
STATION_19,2024-08-22,18.259999999999998,48.74294329339106
STATION_19,2024-08-23,62.37000000000001,50.870963007746525
STATION_19,2024-08-24,45.980000000000004,48.50070315056879
STATION_19,2024-08-25,86.01999999999998,49.08844500237543
STATION_19,2024-08-26,54.81999999999999,47.559065729914494
STATION_19,2024-08-27,40.79999999999999,48.42317171746332
STATION_19,2024-08-28,43.050000000000004,48.91933947259027
STATION_19,2024-08-29,48.800000000000004,47.94427157097895
STATION_19,2024-08-30,25.139999999999997,49.34882937127192
STATION_19,2024-08-31,32.660000000000004,49.89095049553949
STATION_19,2024-09-01,12.300000000000002,44.31537029622397
STATION_19,2024-09-02,29.540000000000006,42.68901684163412
STATION_19,2024-09-03,49.88,45.7425149190267
STATION_19,2024-09-04,54.000000000000014,45.370897029622405
STATION_19,2024-09-05,10.000000000000002,47.12409450887045
STATION_19,2024-09-06,45.260000000000005,43.86728451131186
STATION_19,2024-09-07,59.27000000000002,43.26004345296225
STATION_19,2024-09-08,44.74,42.038247798665374
STATION_19,2024-09-09,35.32000000000001,42.69939663289389
STATION_19,2024-09-10,39.76,42.36963741658529
STATION_19,2024-09-11,37.18,41.82359173177084
STATION_19,2024-09-12,35.27000000000001,42.3245949971517
STATION_19,2024-09-13,51.48,42.416117213948574
STATION_19,2024-09-14,94.15000000000002,44.84324428914389
STATION_19,2024-09-15,33.13,42.03159725545248
STATION_19,2024-09-16,41.64,42.9605454671224
STATION_19,2024-09-17,46.96999999999999,41.76315014241537
STATION_19,2024-09-18,34.25,41.85139095662436
STATION_19,2024-09-19,69.95999999999997,42.68126385091146
STATION_19,2024-09-20,10.000000000000002,43.99587643025717
STATION_19,2024-09-21,37.38,45.465562556966155
STATION_19,2024-09-22,64.37000000000002,41.71692135213217
STATION_19,2024-09-23,42.11999999999999,43.083142970784515
STATION_19,2024-09-24,31.580000000000005,45.09663860677084
STATION_19,2024-09-25,56.820000000000014,42.696495174153654
STATION_19,2024-09-26,66.13,43.60789043782553
STATION_19,2024-09-27,52.209999999999994,46.1125588643392
STATION_19,2024-09-28,31.980000000000004,41.16583263753256
STATION_19,2024-09-29,57.12000000000001,41.8878030049642
STATION_19,2024-09-30,39.96000000000001,42.23781063435873
STATION_19,2024-10-01,154.89999999999998,146.57855725885207
STATION_19,2024-10-02,169.66999999999993,143.96627393365677
STATION_19,2024-10-03,87.88999999999999,139.55470319391068
STATION_19,2024-10-04,142.22000000000003,142.73704419732866
STATION_19,2024-10-05,105.29,141.9817585527974
STATION_19,2024-10-06,188.83999999999995,142.74437451959426
STATION_19,2024-10-07,130.64,143.32937207818802
STATION_19,2024-10-08,154.92999999999995,143.12988782525832
STATION_19,2024-10-09,139.28999999999996,141.8829823076802
STATION_19,2024-10-10,123.94000000000003,143.61938977838332
STATION_19,2024-10-11,121.55999999999996,143.1529255449849
STATION_19,2024-10-12,171.71000000000004,143.01692700982863
STATION_19,2024-10-13,159.11999999999998,141.3145680010396
STATION_19,2024-10-14,178.87,142.80085950494583
STATION_19,2024-10-15,141.11,141.79356275201616
STATION_19,2024-10-16,145.76000000000002,142.44161573053177
STATION_19,2024-10-17,134.66,142.17888684869584
STATION_19,2024-10-18,134.26000000000005,142.5237965166646
STATION_19,2024-10-19,119.15999999999995,142.75874219537553
STATION_19,2024-10-20,141.67999999999998,142.8567799151021
STATION_19,2024-10-21,124.21999999999997,142.69695935846147
STATION_19,2024-10-22,148.83999999999997,142.5641834795552
STATION_19,2024-10-23,143.40000000000006,142.92413831353957
STATION_19,2024-10-24,145.75000000000003,142.77304883600053
STATION_19,2024-10-25,173.49999999999994,142.55108228326614
STATION_19,2024-10-26,139.25000000000006,142.20682263971145
STATION_19,2024-10-27,155.13,142.70693250299271
STATION_19,2024-10-28,181.02999999999994,141.63419690728958
STATION_19,2024-10-29,166.12999999999994,142.0728687822896
STATION_19,2024-10-30,163.05999999999995,142.2329548418599
STATION_19,2024-10-31,133.86999999999998,142.43752637506302
STATION_19,2024-11-01,234.58999999999997,231.2242278564453
STATION_19,2024-11-02,203.63000000000005,230.86388850097657
STATION_19,2024-11-03,239.97999999999993,231.90791010742188
STATION_19,2024-11-04,235.49,231.86447138671875
STATION_19,2024-11-05,230.46999999999997,231.9090667236328
STATION_19,2024-11-06,250.54000000000005,232.11530451660155
STATION_19,2024-11-07,205.83999999999995,231.6699279296875
STATION_19,2024-11-08,262.7,231.95192255859376
STATION_19,2024-11-09,248.04000000000002,232.02192988281251
STATION_19,2024-11-10,228.58999999999995,231.1253966796875
STATION_19,2024-11-11,227.0300000000001,231.60470881347658
STATION_19,2024-11-12,239.6099999999999,231.60872797851562
STATION_19,2024-11-13,260.4199999999999,231.84393305664062
STATION_19,2024-11-14,232.02999999999994,231.6066955078125
STATION_19,2024-11-15,232.87999999999997,231.84799494628908
STATION_19,2024-11-16,230.36,231.7020080078125
STATION_19,2024-11-17,265.6399999999999,231.43098139648438
STATION_19,2024-11-18,222.61999999999998,231.1368499267578
STATION_19,2024-11-19,229.4099999999999,231.62520747070312
STATION_19,2024-11-20,259.27,231.89708552246094
STATION_19,2024-11-21,232.94000000000008,231.455255078125
STATION_19,2024-11-22,252.73999999999992,231.67658381347655
STATION_19,2024-11-23,211.7700000000001,231.91749262695313
STATION_19,2024-11-24,225.89000000000001,231.953301953125
STATION_19,2024-11-25,259.69,231.72808527832032
STATION_19,2024-11-26,216.47,231.7010344970703
STATION_19,2024-11-27,226.97000000000008,232.08309626464845
STATION_19,2024-11-28,235.13,231.9551055419922
STATION_19,2024-11-29,210.21999999999997,231.9265197265625
STATION_19,2024-11-30,221.72000000000006,232.04756464843751
STATION_19,2024-12-01,232.24999999999997,232.4084936247795
STATION_19,2024-12-02,230.93,232.600998507592
STATION_19,2024-12-03,255.60999999999996,232.4221380339592
STATION_19,2024-12-04,260.83000000000004,232.529367648217
STATION_19,2024-12-05,212.88000000000002,232.440256320092
STATION_19,2024-12-06,232.2299999999999,232.53542538747482
STATION_19,2024-12-07,243.48000000000005,232.35455380544357
STATION_19,2024-12-08,260.32999999999987,232.094309054467
STATION_19,2024-12-09,244.37000000000003,232.22476864919355
STATION_19,2024-12-10,235.8199999999999,232.410715304467
STATION_19,2024-12-11,243.33000000000004,232.68491879567793
STATION_19,2024-12-12,243.48000000000005,232.34676266774824
STATION_19,2024-12-13,211.45,232.7329076872795
STATION_19,2024-12-14,233.85999999999996,232.4477483855217
STATION_19,2024-12-15,259.18,232.48734799489668
STATION_19,2024-12-16,225.85,232.04573727712324
STATION_19,2024-12-17,232.58999999999992,232.29085751638107
STATION_19,2024-12-18,225.1500000000001,232.4680120573967
STATION_19,2024-12-19,183.72000000000003,232.17212582692792
STATION_19,2024-12-20,230.41,232.82161618337324
STATION_19,2024-12-21,236.03999999999994,232.59622250661545
STATION_19,2024-12-22,219.75000000000009,232.62896176442794
STATION_19,2024-12-23,206.90999999999994,231.7458471404045
STATION_19,2024-12-24,212.38999999999993,229.9524877654045
STATION_19,2024-12-25,245.28000000000003,233.0817358122795
STATION_19,2024-12-26,269.4500000000001,232.288596163842
STATION_19,2024-12-27,257.64999999999986,230.07403927907637
STATION_19,2024-12-28,203.10999999999996,231.88617611989667
STATION_19,2024-12-29,247.08999999999995,232.00884457692794
STATION_19,2024-12-30,216.73999999999995,232.17924252614668
STATION_19,2024-12-31,218.35000000000008,232.15899411306074
STATION_20,2024-08-07,44.71000000000001,43.546380625131974
STATION_20,2024-08-08,30.86,45.57458344495619
STATION_20,2024-08-09,57.84000000000001,44.50357132947768
STATION_20,2024-08-10,63.469999999999985,45.32403336561049
STATION_20,2024-08-11,26.87,43.74934540784682
STATION_20,2024-08-12,33.88000000000001,41.937632761362444
STATION_20,2024-08-13,63.12999999999997,41.286995325449354
STATION_20,2024-08-14,30.82,44.40474091565932
STATION_20,2024-08-15,26.359999999999996,43.007220468881975
STATION_20,2024-08-16,24.430000000000003,42.68072205579604
STATION_20,2024-08-17,55.04000000000001,46.572206888559705
STATION_20,2024-08-18,54.18000000000002,44.19829255140151
STATION_20,2024-08-19,34.31999999999999,43.71945496595229
STATION_20,2024-08-20,48.1,42.05412674939955
STATION_20,2024-08-21,78.53999999999998,43.89200211561049
STATION_20,2024-08-22,28.520000000000003,44.34748002088393
STATION_20,2024-08-23,10.000000000000002,43.82164536512221
STATION_20,2024-08-24,57.100000000000016,43.674012766245255
STATION_20,2024-08-25,45.790000000000006,46.74299775159682
STATION_20,2024-08-26,33.8,43.28965531385268
STATION_20,2024-08-27,61.04,43.80649720228041
STATION_20,2024-08-28,64.78000000000002,44.861017618540174
STATION_20,2024-08-29,10.000000000000002,43.473973856333146
STATION_20,2024-08-30,34.949999999999996,45.83008500135268
STATION_20,2024-08-31,94.35000000000001,45.01207810438002
STATION_20,2024-09-01,59.669999999999995,51.39291054890951
STATION_20,2024-09-02,61.52,50.309917995198575
STATION_20,2024-09-03,71.46,48.507123347981775
STATION_20,2024-09-04,48.34,49.802454158528654
STATION_20,2024-09-05,63.92999999999999,48.93710686848959
STATION_20,2024-09-06,62.36,47.22563225911459
STATION_20,2024-09-07,58.78,49.45558831380209
STATION_20,2024-09-08,41.559999999999995,48.65524880574545
STATION_20,2024-09-09,51.43999999999999,49.61757104085287
STATION_20,2024-09-10,36.22999999999999,48.74189965413412
STATION_20,2024-09-11,48.26,47.47463357137045
STATION_20,2024-09-12,24.630000000000006,47.355257198079435
STATION_20,2024-09-13,32.18999999999999,49.079720851643884
STATION_20,2024-09-14,42.35000000000001,50.0436773030599
STATION_20,2024-09-15,29.130000000000003,48.360044643147795
STATION_20,2024-09-16,37.89999999999999,48.75785042928061
STATION_20,2024-09-17,44.71999999999999,48.07009484456381
STATION_20,2024-09-18,56.04999999999999,48.02114541219076
STATION_20,2024-09-19,66.99000000000002,47.22303597615561
STATION_20,2024-09-20,38.72,50.81995980428061
STATION_20,2024-09-21,74.70000000000003,50.92672021077475
STATION_20,2024-09-22,66.77000000000001,48.84316384480795
STATION_20,2024-09-23,58.080000000000005,50.57625634358725
STATION_20,2024-09-24,51.07000000000001,49.33540780232748
STATION_20,2024-09-25,54.380000000000024,47.980178615315765
STATION_20,2024-09-26,71.74000000000002,49.3157720296224
STATION_20,2024-09-27,72.47,48.26153237508139
STATION_20,2024-09-28,74.70000000000003,47.1679807393392
STATION_20,2024-09-29,48.83,46.83311593221029
STATION_20,2024-09-30,59.09999999999999,47.02999627278646
STATION_20,2024-10-01,166.87000000000003,141.03405130497106
STATION_20,2024-10-02,127.52999999999997,139.32826822391635
STATION_20,2024-10-03,133.62999999999997,140.05954263797886
STATION_20,2024-10-04,140.32,141.19449442020542
STATION_20,2024-10-05,157.99,141.62515543094761
STATION_20,2024-10-06,158.3,142.05924356571325
STATION_20,2024-10-07,135.37999999999994,141.95772989383823
STATION_20,2024-10-08,109.83000000000003,141.61655252567417
STATION_20,2024-10-09,144.91999999999993,141.4298642932523
STATION_20,2024-10-10,121.62999999999994,142.18423135868198
STATION_20,2024-10-11,110.19999999999997,142.62560098758823
STATION_20,2024-10-12,114.72,141.43862894168979
STATION_20,2024-10-13,146.52999999999997,141.61158121219762
STATION_20,2024-10-14,167.21999999999994,141.53200662723668
STATION_20,2024-10-15,140.77999999999997,141.36734293094761
STATION_20,2024-10-16,144.22999999999996,141.59903848758825
STATION_20,2024-10-17,163.66000000000005,141.07052591434604
STATION_20,2024-10-18,109.11000000000004,141.6098478137601
STATION_20,2024-10-19,150.40000000000006,140.85113809696324
STATION_20,2024-10-20,139.76999999999998,141.2790128528226
STATION_20,2024-10-21,151.31999999999994,141.4252256213773
STATION_20,2024-10-22,130.32999999999998,140.74634683719762
STATION_20,2024-10-23,123.63999999999999,141.52077615848668
STATION_20,2024-10-24,142.81000000000003,140.7201993762601
STATION_20,2024-10-25,172.9799999999999,141.6035001575101
STATION_20,2024-10-26,157.22,141.45600259891637
STATION_20,2024-10-27,129.84999999999994,141.3938596545804
STATION_20,2024-10-28,113.18000000000005,140.75988138309606
STATION_20,2024-10-29,106.36000000000001,140.83022745243198
STATION_20,2024-10-30,166.32000000000005,141.67811563602572
STATION_20,2024-10-31,120.90000000000005,141.8638303577054
STATION_20,2024-11-01,223.48999999999998,232.17157597656254
STATION_20,2024-11-02,256.41999999999996,230.8284760009766
STATION_20,2024-11-03,197.72,230.67843632812503
STATION_20,2024-11-04,259.8500000000001,231.0831940185547
STATION_20,2024-11-05,224.93,231.65192265625004
STATION_20,2024-11-06,207.03,232.95690312500003
STATION_20,2024-11-07,225.05000000000007,232.4880463134766
STATION_20,2024-11-08,215.54999999999995,232.49513249511722
STATION_20,2024-11-09,238.8200000000001,233.0096283447266
STATION_20,2024-11-10,217.04000000000002,231.80183415527347
STATION_20,2024-11-11,191.76999999999998,232.9911499511719
STATION_20,2024-11-12,225.58999999999997,232.6824310791016
STATION_20,2024-11-13,202.87000000000006,232.75845341796878
STATION_20,2024-11-14,234.09,232.50537419433596
STATION_20,2024-11-15,206.25999999999996,232.69552312011723
STATION_20,2024-11-16,220.24000000000004,232.48005375976567
STATION_20,2024-11-17,233.64999999999995,232.40851750488284
STATION_20,2024-11-18,225.75000000000006,232.52124028320316
STATION_20,2024-11-19,235.01000000000008,232.50199589843754
STATION_20,2024-11-20,243.60999999999996,232.69342656250004
STATION_20,2024-11-21,206.84,232.4323120605469
STATION_20,2024-11-22,228.71000000000004,232.39599003906253
STATION_20,2024-11-23,163.40999999999997,232.5380249511719
STATION_20,2024-11-24,234.94999999999996,232.9669556152344
STATION_20,2024-11-25,223.9799999999999,231.3138031494141
STATION_20,2024-11-26,210.33,232.67587285156253
STATION_20,2024-11-27,236.31000000000003,232.96071782226565
STATION_20,2024-11-28,253.44999999999993,232.51901860351566
STATION_20,2024-11-29,220.48000000000008,232.6847504150391
STATION_20,2024-11-30,211.0999999999999,232.76164860839847
STATION_20,2024-12-01,233.30000000000007,234.81399111249374
STATION_20,2024-12-02,203.2899999999999,234.74038881757184
STATION_20,2024-12-03,216.78999999999996,234.85792726972028
STATION_20,2024-12-04,254.45000000000002,235.30279116132186
STATION_20,2024-12-05,231.24000000000004,234.90501894452498
STATION_20,2024-12-06,192.41,234.80652651288435
STATION_20,2024-12-07,194.05999999999997,234.8965777824156
STATION_20,2024-12-08,233.23999999999992,235.04014772870465
STATION_20,2024-12-09,247.25000000000003,235.08953432538436
STATION_20,2024-12-10,197.6500000000001,234.89935183026716
STATION_20,2024-12-11,238.99000000000004,234.81113161542342
STATION_20,2024-12-12,256.60999999999996,235.13831972577498
STATION_20,2024-12-13,267.7599999999999,234.74873232343123
STATION_20,2024-12-14,236.62,234.6168872306578
STATION_20,2024-12-15,240.14000000000004,234.74982790448593
STATION_20,2024-12-16,187.34000000000003,234.61951174237655
STATION_20,2024-12-17,272.0,234.76201357343123
STATION_20,2024-12-18,218.4900000000001,234.84283022382186
STATION_20,2024-12-19,211.3300000000001,234.90136904218122
STATION_20,2024-12-20,224.9,235.29497866132186
STATION_20,2024-12-21,260.22999999999996,234.00447573163436
STATION_20,2024-12-22,274.15999999999997,234.72691225507185
STATION_20,2024-12-23,232.50999999999996,234.09388613202498
STATION_20,2024-12-24,249.96000000000006,233.6828814933531
STATION_20,2024-12-25,230.86000000000007,234.5857623527281
STATION_20,2024-12-26,209.2400000000001,234.9435260246031
STATION_20,2024-12-27,259.52999999999986,235.1279010246031
STATION_20,2024-12-28,217.56,234.38297304608747
STATION_20,2024-12-29,260.7099999999999,234.8448443839781
STATION_20,2024-12-30,255.97000000000008,234.1193103263609
STATION_20,2024-12-31,242.28000000000006,234.48567690350936
STATION_21,2024-08-07,55.53000000000001,48.93416174068967
STATION_21,2024-08-08,60.13000000000002,48.87316778317014
STATION_21,2024-08-09,57.850000000000016,49.30154760494748
STATION_21,2024-08-10,57.06,49.40538671627561
STATION_21,2024-08-11,102.02000000000002,50.238266354947484
STATION_21,2024-08-12,46.48,49.81357000484982
STATION_21,2024-08-13,66.73,49.84982565060178
STATION_21,2024-08-14,38.57999999999999,48.053915006070525
STATION_21,2024-08-15,63.81000000000002,50.606839352994356
STATION_21,2024-08-16,66.78999999999998,48.584196835904514
STATION_21,2024-08-17,55.28999999999999,48.83330267086545
STATION_21,2024-08-18,81.38,49.5683002294592
STATION_21,2024-08-19,30.309999999999995,48.28292043819943
STATION_21,2024-08-20,38.260000000000005,47.33728445187131
STATION_21,2024-08-21,52.25000000000001,48.545709592252166
STATION_21,2024-08-22,65.61999999999999,50.1411647619299
STATION_21,2024-08-23,51.59000000000001,49.65078848019162
STATION_21,2024-08-24,73.72000000000001,48.65690267696897
STATION_21,2024-08-25,34.77,49.18186910763303
STATION_21,2024-08-26,25.19,47.55716055050412
STATION_21,2024-08-27,54.16,48.71553762569943
STATION_21,2024-08-28,46.459999999999994,49.838405972867406
STATION_21,2024-08-29,58.85999999999998,49.6392604650549
STATION_21,2024-08-30,47.449999999999996,48.20762899532834
STATION_21,2024-08-31,41.2,48.6262965978674
STATION_21,2024-09-01,46.49999999999999,54.525652050781254
STATION_21,2024-09-02,48.580000000000005,52.0588788269043
STATION_21,2024-09-03,41.89999999999999,53.53556950073242
STATION_21,2024-09-04,43.940000000000005,54.133003735351565
STATION_21,2024-09-05,39.92999999999999,53.26672031860352
STATION_21,2024-09-06,65.13000000000001,54.329153179931645
STATION_21,2024-09-07,51.879999999999995,53.62954533081055
STATION_21,2024-09-08,93.13999999999997,53.499451184082034
STATION_21,2024-09-09,51.20999999999999,54.212688946533206
STATION_21,2024-09-10,36.98,52.639140820312505
STATION_21,2024-09-11,101.40999999999998,51.83814671020508
STATION_21,2024-09-12,56.27000000000001,52.602869915771485
STATION_21,2024-09-13,67.79999999999998,53.66657154541016
STATION_21,2024-09-14,59.840000000000025,54.50332233886719
STATION_21,2024-09-15,60.459999999999994,53.582344555664065
STATION_21,2024-09-16,58.709999999999994,52.81677525024414
STATION_21,2024-09-17,25.960000000000004,52.07700169067383
STATION_21,2024-09-18,55.35,52.91826374511719
STATION_21,2024-09-19,21.499999999999996,53.17351887207032
STATION_21,2024-09-20,44.51,55.47566654663086
STATION_21,2024-09-21,33.49,53.988760876464845
STATION_21,2024-09-22,55.15000000000002,54.487939953613285
STATION_21,2024-09-23,54.68000000000001,52.6785809753418
STATION_21,2024-09-24,57.619999999999976,52.67921345214844
STATION_21,2024-09-25,53.75,53.956281018066406
STATION_21,2024-09-26,35.86,52.595213055419926
STATION_21,2024-09-27,42.78,52.40442860107422
STATION_21,2024-09-28,66.41,52.605493664550785
STATION_21,2024-09-29,69.35999999999997,52.17760746459961
STATION_21,2024-09-30,25.060000000000002,52.27712299804688
STATION_21,2024-10-01,109.37999999999998,136.53971117770288
STATION_21,2024-10-02,125.46000000000002,141.2238298300466
STATION_21,2024-10-03,160.9,136.65889147555444
STATION_21,2024-10-04,164.30000000000007,139.48293932711692
STATION_21,2024-10-05,121.50999999999999,138.70623034274195
STATION_21,2024-10-06,146.15000000000006,139.85682543551536
STATION_21,2024-10-07,176.69,138.97307909762475
STATION_21,2024-10-08,148.30999999999997,139.29709948336694
STATION_21,2024-10-09,168.43000000000004,139.56460741793725
STATION_21,2024-10-10,159.97000000000003,138.88515490328882
STATION_21,2024-10-11,121.79999999999995,138.90847338473412
STATION_21,2024-10-12,136.19999999999993,138.58743761813255
STATION_21,2024-10-13,140.7,138.09951952731225
STATION_21,2024-10-14,142.07999999999998,138.837056148406
STATION_21,2024-10-15,158.32999999999998,138.7024614218435
STATION_21,2024-10-16,148.16999999999996,138.8997789267263
STATION_21,2024-10-17,81.28,138.80525683199974
STATION_21,2024-10-18,113.74000000000002,138.8404283407888
STATION_21,2024-10-19,96.25000000000003,138.35417345797632
STATION_21,2024-10-20,143.50999999999993,139.9318773153982
STATION_21,2024-10-21,144.81000000000003,139.51207140719507
STATION_21,2024-10-22,145.66,139.0825944784841
STATION_21,2024-10-23,120.81999999999995,138.99955309664819
STATION_21,2024-10-24,153.48,139.16057909762475
STATION_21,2024-10-25,154.33000000000007,138.90899218356225
STATION_21,2024-10-26,114.89999999999996,138.88712633883569
STATION_21,2024-10-27,110.67999999999998,138.44561632907005
STATION_21,2024-10-28,140.00000000000003,138.75940111910913
STATION_21,2024-10-29,175.83999999999995,138.98488940035912
STATION_21,2024-10-30,173.99000000000004,138.18186510836694
STATION_21,2024-10-31,151.27000000000004,138.552046382781
STATION_21,2024-11-01,215.4000000000001,232.53606289876302
STATION_21,2024-11-02,247.74,231.25237759602865
STATION_21,2024-11-03,220.94999999999993,231.8233157063802
STATION_21,2024-11-04,214.64999999999995,232.50336026204428
STATION_21,2024-11-05,187.11999999999995,232.7260439778646
STATION_21,2024-11-06,232.04999999999998,233.2316409016927
STATION_21,2024-11-07,217.4,232.66778286946615
STATION_21,2024-11-08,231.92999999999992,232.91241787923178
STATION_21,2024-11-09,184.0099999999999,232.6839785481771
STATION_21,2024-11-10,233.4000000000001,231.97231472981773
STATION_21,2024-11-11,181.38,232.37902859700523
STATION_21,2024-11-12,251.7599999999999,232.77483853352865
STATION_21,2024-11-13,240.44000000000005,232.5022677327474
STATION_21,2024-11-14,224.42999999999995,232.51290616048178
STATION_21,2024-11-15,241.25,232.4721438313802
STATION_21,2024-11-16,210.4399999999999,232.51192959798178
STATION_21,2024-11-17,231.4499999999999,232.31907071126304
STATION_21,2024-11-18,245.9,232.26060513509117
STATION_21,2024-11-19,168.10999999999996,231.94820584309898
STATION_21,2024-11-20,221.0600000000001,232.74371365559898
STATION_21,2024-11-21,229.55000000000007,232.22012967122396
STATION_21,2024-11-22,226.06999999999996,232.42888516438802
STATION_21,2024-11-23,259.13999999999993,232.65342434895834
STATION_21,2024-11-24,207.52000000000007,232.49029568684898
STATION_21,2024-11-25,217.57999999999998,232.6920870686849
STATION_21,2024-11-26,191.68000000000006,232.58809536946615
STATION_21,2024-11-27,260.21,232.88193997395834
STATION_21,2024-11-28,225.07000000000005,232.18461941731772
STATION_21,2024-11-29,221.23000000000005,232.47772854817708
STATION_21,2024-11-30,228.95000000000007,232.71106289876303
STATION_21,2024-12-01,242.72000000000008,232.08784010364164
STATION_21,2024-12-02,236.95,231.94101393176663
STATION_21,2024-12-03,282.96000000000004,232.19862501575102
STATION_21,2024-12-04,239.07999999999993,231.96879408313382
STATION_21,2024-12-05,220.69999999999996,231.83909437610257
STATION_21,2024-12-06,218.76999999999998,231.96823866321193
STATION_21,2024-12-07,222.1399999999999,231.91901686145414
STATION_21,2024-12-08,199.95999999999995,231.85202162219633
STATION_21,2024-12-09,230.79999999999995,231.88264906360257
STATION_21,2024-12-10,245.6699999999999,232.65527479602446
STATION_21,2024-12-11,217.7299999999999,231.87476332141506
STATION_21,2024-12-12,213.85000000000008,231.9549696202432
STATION_21,2024-12-13,260.32000000000005,231.9619795079385
STATION_21,2024-12-14,201.47000000000006,231.88036940051663
STATION_21,2024-12-15,188.6399999999999,232.025089859501
STATION_21,2024-12-16,206.9399999999999,231.95780775500882
STATION_21,2024-12-17,199.19000000000005,232.05858900500883
STATION_21,2024-12-18,237.7199999999999,231.86333754016508
STATION_21,2024-12-19,222.79000000000008,231.90742323352444
STATION_21,2024-12-20,225.61,232.47966444446195
STATION_21,2024-12-21,253.05999999999992,232.04705030871975
STATION_21,2024-12-22,216.17,232.15947401477445
STATION_21,2024-12-23,245.49999999999991,232.27344496204006
STATION_21,2024-12-24,260.22999999999996,229.974650406376
STATION_21,2024-12-25,220.8899999999999,231.59456007434477
STATION_21,2024-12-26,244.74,231.97245619250882
STATION_21,2024-12-27,225.16000000000005,230.360343765751
STATION_21,2024-12-28,248.4800000000001,232.16957228137602
STATION_21,2024-12-29,198.5699999999999,231.7189405675088
STATION_21,2024-12-30,197.09000000000006,232.01071608020413
STATION_21,2024-12-31,222.16999999999993,232.1527235264932
STATION_22,2024-08-07,70.02,43.25223637266417
STATION_22,2024-08-08,22.809999999999995,42.582209212019634
STATION_22,2024-08-09,56.020000000000024,42.350623518660264
STATION_22,2024-08-10,33.45000000000001,42.67549000425596
STATION_22,2024-08-11,23.59,41.10480213804503
STATION_22,2024-08-12,39.42999999999999,41.749732405379014
STATION_22,2024-08-13,69.36999999999999,44.25975437803526
STATION_22,2024-08-14,40.550000000000004,43.38973637266417
STATION_22,2024-08-15,79.30999999999997,43.79853001280089
STATION_22,2024-08-16,58.979999999999976,43.058178145125105
STATION_22,2024-08-17,40.11999999999999,42.995826918318464
STATION_22,2024-08-18,71.20000000000003,43.4428445879962
STATION_22,2024-08-19,56.90999999999999,42.91507816953917
STATION_22,2024-08-20,29.35000000000001,42.273169142439556
STATION_22,2024-08-21,85.18000000000002,42.56961460752745
STATION_22,2024-08-22,53.19,43.87377186460753
STATION_22,2024-08-23,48.379999999999995,42.51840382261534
STATION_22,2024-08-24,30.890000000000004,43.28649922056456
STATION_22,2024-08-25,71.58999999999999,43.493969160750105
STATION_22,2024-08-26,58.349999999999994,43.015757948591904
STATION_22,2024-08-27,60.580000000000005,41.62241955442686
STATION_22,2024-08-28,37.85,43.62010288877745
STATION_22,2024-08-29,64.68000000000002,43.79636631651182
STATION_22,2024-08-30,66.24000000000001,42.77503834409971
STATION_22,2024-08-31,34.61999999999999,44.996550184920025
STATION_22,2024-09-01,19.660000000000004,51.15012426757813
STATION_22,2024-09-02,59.63000000000001,49.28505239868164
STATION_22,2024-09-03,16.529999999999998,50.675177673339846
STATION_22,2024-09-04,51.03999999999999,50.87534399414063
STATION_22,2024-09-05,39.06,50.570127777099614
STATION_22,2024-09-06,72.37000000000002,52.48324270629883
STATION_22,2024-09-07,40.14,50.16004629516602
STATION_22,2024-09-08,70.15000000000003,51.0247748413086
STATION_22,2024-09-09,37.71999999999999,50.80725317382813
STATION_22,2024-09-10,68.00000000000001,50.115337280273444
STATION_22,2024-09-11,89.21,49.207220367431646
STATION_22,2024-09-12,26.64,49.40144033813477
STATION_22,2024-09-13,53.840000000000025,49.73273687744141
STATION_22,2024-09-14,102.97999999999998,49.54157553100586
STATION_22,2024-09-15,49.33,51.516444305419924
STATION_22,2024-09-16,49.24,50.426084808349614
STATION_22,2024-09-17,63.769999999999996,50.045372680664066
STATION_22,2024-09-18,48.82,50.390254882812506
STATION_22,2024-09-19,13.860000000000001,49.39523229980469
STATION_22,2024-09-20,70.64999999999999,52.40933828735352
STATION_22,2024-09-21,10.000000000000002,49.64053106689454
STATION_22,2024-09-22,39.66,51.668743041992194
STATION_22,2024-09-23,72.14999999999998,49.611256317138675
STATION_22,2024-09-24,40.870000000000005,49.95841131591797
STATION_22,2024-09-25,34.13,53.20958853149415
STATION_22,2024-09-26,65.58999999999999,49.62514410400391
STATION_22,2024-09-27,30.980000000000004,51.343668273925786
STATION_22,2024-09-28,23.56,54.44335089111328
STATION_22,2024-09-29,53.49,51.119495300292975
STATION_22,2024-09-30,44.34,51.927164367675786
STATION_22,2024-10-01,115.13000000000002,135.99080803262035
STATION_22,2024-10-02,152.73999999999998,137.06247093545238
STATION_22,2024-10-03,149.28999999999996,136.8989943729524
STATION_22,2024-10-04,132.80000000000004,137.65823204385083
STATION_22,2024-10-05,134.17,137.14545128213206
STATION_22,2024-10-06,149.41000000000003,139.0658675418977
STATION_22,2024-10-07,163.81000000000003,139.12687218056956
STATION_22,2024-10-08,134.34000000000006,139.10721580849926
STATION_22,2024-10-09,153.08999999999995,139.12755577431957
STATION_22,2024-10-10,151.3,139.46816856728833
STATION_22,2024-10-11,157.58999999999995,139.2557845340852
STATION_22,2024-10-12,140.79000000000002,138.9597884403352
STATION_22,2024-10-13,121.74999999999996,138.2661360965852
STATION_22,2024-10-14,130.75,138.25764915810862
STATION_22,2024-10-15,146.85999999999999,139.1506850467805
STATION_22,2024-10-16,176.36999999999995,139.20187828408518
STATION_22,2024-10-17,130.31999999999996,138.97982017861645
STATION_22,2024-10-18,156.09999999999997,139.15449364053052
STATION_22,2024-10-19,133.44000000000005,138.8848372684602
STATION_22,2024-10-20,142.21000000000004,138.83782493935863
STATION_22,2024-10-21,170.30999999999997,138.742164538968
STATION_22,2024-10-22,155.28999999999994,139.1674056278352
STATION_22,2024-10-23,115.17000000000004,139.35274803506175
STATION_22,2024-10-24,128.55000000000007,138.6709975467805
STATION_22,2024-10-25,165.11999999999995,138.60129234658518
STATION_22,2024-10-26,142.83999999999995,138.72589561806956
STATION_22,2024-10-27,117.01999999999997,138.17491905556957
STATION_22,2024-10-28,123.61999999999996,138.513600085843
STATION_22,2024-10-29,154.07000000000002,138.49349205361645
STATION_22,2024-10-30,159.89000000000004,138.140064929593
STATION_22,2024-10-31,140.35999999999999,138.9057631717805
STATION_22,2024-11-01,279.51000000000005,225.98056618652345
STATION_22,2024-11-02,246.47999999999993,227.83657814941407
STATION_22,2024-11-03,225.12999999999997,228.11888100585938
STATION_22,2024-11-04,213.69000000000005,228.44526040039062
STATION_22,2024-11-05,210.50000000000009,228.86750771484375
STATION_22,2024-11-06,236.71000000000004,228.99074685058594
STATION_22,2024-11-07,220.21999999999997,228.8118833251953
STATION_22,2024-11-08,263.4700000000001,229.437051171875
STATION_22,2024-11-09,259.33000000000004,228.68986489257813
STATION_22,2024-11-10,242.6599999999999,228.50081154785155
STATION_22,2024-11-11,206.42000000000002,228.42513405761719
STATION_22,2024-11-12,216.55999999999995,228.38139626464843
STATION_22,2024-11-13,255.11000000000013,228.61065346679686
STATION_22,2024-11-14,218.73999999999998,228.46726357421875
STATION_22,2024-11-15,252.44000000000003,228.79900490722656
STATION_22,2024-11-16,239.49000000000007,229.0674985595703
STATION_22,2024-11-17,231.02999999999992,228.4665708251953
STATION_22,2024-11-18,215.94,228.45285622558595
STATION_22,2024-11-19,228.12000000000003,228.63811623535156
STATION_22,2024-11-20,233.79000000000005,228.3394742675781
STATION_22,2024-11-21,250.65000000000003,228.8102231689453
STATION_22,2024-11-22,212.28999999999996,228.8978452392578
STATION_22,2024-11-23,224.74000000000004,229.079043359375
STATION_22,2024-11-24,230.89999999999992,229.12810036621093
STATION_22,2024-11-25,243.25000000000006,229.0692563720703
STATION_22,2024-11-26,211.82999999999996,229.05305153808592
STATION_22,2024-11-27,203.66999999999993,228.9310270019531
STATION_22,2024-11-28,243.48000000000005,228.88467690429687
STATION_22,2024-11-29,199.64000000000004,228.9842496582031
STATION_22,2024-11-30,255.69999999999993,228.9081205078125
STATION_22,2024-12-01,226.88,227.2136387073148
STATION_22,2024-12-02,199.05,227.17378275028355
STATION_22,2024-12-03,220.39000000000001,227.2693271838773
STATION_22,2024-12-04,237.5799999999999,227.38121378055698
STATION_22,2024-12-05,219.34999999999997,227.29830667606478
STATION_22,2024-12-06,230.40000000000003,227.13821756473666
STATION_22,2024-12-07,244.8000000000001,227.2934940539945
STATION_22,2024-12-08,225.95999999999995,227.24358255497106
STATION_22,2024-12-09,211.26,227.328528233682
STATION_22,2024-12-10,224.01999999999995,227.13654825321322
STATION_22,2024-12-11,258.29999999999995,227.04240762821323
STATION_22,2024-12-12,263.70000000000005,227.09489481083043
STATION_22,2024-12-13,189.5999999999999,226.81894571415074
STATION_22,2024-12-14,251.82,226.4976749621976
STATION_22,2024-12-15,235.0000000000001,226.8499485217679
STATION_22,2024-12-16,248.4800000000001,226.80308572879918
STATION_22,2024-12-17,218.99000000000007,226.60533182254918
STATION_22,2024-12-18,194.63000000000005,226.89279825321324
STATION_22,2024-12-19,241.6899999999999,227.8262912952054
STATION_22,2024-12-20,211.17999999999998,227.1902286731351
STATION_22,2024-12-21,202.2299999999999,227.27246133915074
STATION_22,2024-12-22,203.63000000000005,227.22203104129918
STATION_22,2024-12-23,242.01999999999998,227.46460001102574
STATION_22,2024-12-24,232.79000000000002,227.59697610965856
STATION_22,2024-12-25,245.6500000000001,227.33909952274448
STATION_22,2024-12-26,243.37999999999997,227.23618814579135
STATION_22,2024-12-27,221.58000000000007,226.31474649540073
STATION_22,2024-12-28,228.58999999999995,227.10918619266636
STATION_22,2024-12-29,219.7700000000001,227.22668497196324
STATION_22,2024-12-30,225.79000000000005,226.81775858036167
STATION_22,2024-12-31,210.6500000000001,226.96982462040074
STATION_23,2024-08-07,47.43999999999999,41.30405496339541
STATION_23,2024-08-08,47.36000000000001,43.522542130753806
STATION_23,2024-08-09,49.71000000000001,42.049716889664936
STATION_23,2024-08-10,44.220000000000006,42.48039811830263
STATION_23,2024-08-11,14.270000000000001,42.427205979630756
STATION_23,2024-08-12,32.629999999999995,42.98417543153506
STATION_23,2024-08-13,52.899999999999984,44.5778872845624
STATION_23,2024-08-14,43.02000000000001,42.96976274232607
STATION_23,2024-08-15,44.88,45.26638063173037
STATION_23,2024-08-16,41.53,43.527695786759665
STATION_23,2024-08-17,30.730000000000004,44.69232667665224
STATION_23,2024-08-18,38.14,43.801473557755756
STATION_23,2024-08-19,41.85999999999999,43.16718400697451
STATION_23,2024-08-20,48.1,43.42178834657412
STATION_23,2024-08-21,55.86999999999998,43.18996766786318
STATION_23,2024-08-22,44.39000000000001,43.575844895646384
STATION_23,2024-08-23,27.409999999999997,43.667875993058495
STATION_23,2024-08-24,20.04,44.590552842423726
STATION_23,2024-08-25,99.95,46.21347383241396
STATION_23,2024-08-26,25.400000000000002,43.997144639298725
STATION_23,2024-08-27,37.629999999999995,42.93089936952334
STATION_23,2024-08-28,58.34000000000002,42.580830704972556
STATION_23,2024-08-29,55.21999999999999,44.21344865541201
STATION_23,2024-08-30,58.42000000000002,43.30055345277529
STATION_23,2024-08-31,39.150000000000006,44.12524293641787
STATION_23,2024-09-01,52.769999999999996,46.09914908243815
STATION_23,2024-09-02,49.230000000000004,43.36559805704753
STATION_23,2024-09-03,41.760000000000005,45.62557959391276
STATION_23,2024-09-04,52.910000000000004,46.93695730997722
STATION_23,2024-09-05,69.11000000000001,44.90579275919596
STATION_23,2024-09-06,47.559999999999995,44.13444723917643
STATION_23,2024-09-07,47.68999999999999,44.27806677652995
STATION_23,2024-09-08,69.35999999999997,43.40475592447917
STATION_23,2024-09-09,67.22999999999999,44.60278906656901
STATION_23,2024-09-10,79.68000000000002,44.25739188028972
STATION_23,2024-09-11,12.879999999999997,42.68431448771159
STATION_23,2024-09-12,66.1,43.706377170817056
STATION_23,2024-09-13,60.030000000000015,43.69600653483073
STATION_23,2024-09-14,30.290000000000003,43.740165470377605
STATION_23,2024-09-15,53.029999999999994,45.23245673014323
STATION_23,2024-09-16,69.02,43.0098058207194
STATION_23,2024-09-17,31.42000000000001,44.2953397257487
STATION_23,2024-09-18,56.849999999999994,44.83232016398112
STATION_23,2024-09-19,65.42999999999999,43.29576697184245
STATION_23,2024-09-20,26.579999999999995,45.80140280558268
STATION_23,2024-09-21,45.150000000000006,47.67329916788737
STATION_23,2024-09-22,54.01999999999999,44.71102804972331
STATION_23,2024-09-23,32.08,44.89589819742839
STATION_23,2024-09-24,30.420000000000005,45.859419010416666
STATION_23,2024-09-25,45.29999999999999,44.73738913370768
STATION_23,2024-09-26,64.03000000000002,44.66957068277995
STATION_23,2024-09-27,60.870000000000026,44.249660251871745
STATION_23,2024-09-28,30.77,44.877188633219404
STATION_23,2024-09-29,61.04,46.45955710245768
STATION_23,2024-09-30,31.28,44.70122275187175
STATION_23,2024-10-01,107.80000000000004,133.47157194272935
STATION_23,2024-10-02,132.65999999999997,136.35629179136217
STATION_23,2024-10-03,162.45999999999998,132.80099699155747
STATION_23,2024-10-04,153.11999999999998,134.9974172796434
STATION_23,2024-10-05,139.97000000000003,135.0729726995653
STATION_23,2024-10-06,131.67000000000004,135.09459440366686
STATION_23,2024-10-07,132.20000000000002,135.16352140561997
STATION_23,2024-10-08,142.18000000000006,135.03718168394028
STATION_23,2024-10-09,118.63000000000005,134.72845365659654
STATION_23,2024-10-10,133.04000000000005,134.8122366155809
STATION_23,2024-10-11,135.69000000000003,135.03322050229966
STATION_23,2024-10-12,112.98000000000005,133.37781583921372
STATION_23,2024-10-13,123.23000000000003,134.78510038511217
STATION_23,2024-10-14,148.21,135.10753996030746
STATION_23,2024-10-15,140.19000000000005,135.14203092710434
STATION_23,2024-10-16,133.82,134.9596914495653
STATION_23,2024-10-17,121.77,134.94926664487778
STATION_23,2024-10-18,171.53999999999996,135.00565702573715
STATION_23,2024-10-19,123.23999999999995,134.6138265814012
STATION_23,2024-10-20,145.03000000000003,135.19632169858872
STATION_23,2024-10-21,130.23999999999998,135.0095205511278
STATION_23,2024-10-22,140.73000000000002,135.1178549017137
STATION_23,2024-10-23,149.14999999999998,135.1034506048387
STATION_23,2024-10-24,112.58999999999995,134.83156339780749
STATION_23,2024-10-25,139.87,135.09120084897935
STATION_23,2024-10-26,163.81000000000003,134.51556913511217
STATION_23,2024-10-27,175.2299999999999,134.18199674741686
STATION_23,2024-10-28,137.40000000000006,133.8317190374559
STATION_23,2024-10-29,140.82999999999998,134.03677274839342
STATION_23,2024-10-30,184.23,133.8245199407762
STATION_23,2024-10-31,162.69999999999996,134.30660917417467
STATION_23,2024-11-01,217.64999999999998,234.73075544433595
STATION_23,2024-11-02,217.62000000000006,233.89806196289064
STATION_23,2024-11-03,249.13000000000002,235.494735546875
STATION_23,2024-11-04,209.78000000000003,234.78209821777344
STATION_23,2024-11-05,251.75,234.97890607910156
STATION_23,2024-11-06,236.68999999999994,235.37319318847656
STATION_23,2024-11-07,240.35000000000008,235.2689756591797
STATION_23,2024-11-08,224.87000000000003,234.8053037841797
STATION_23,2024-11-09,217.4,234.93141157226563
STATION_23,2024-11-10,259.23999999999995,234.65723859863283
STATION_23,2024-11-11,225.07000000000005,234.75241682128907
STATION_23,2024-11-12,221.77999999999997,234.22074567871095
STATION_23,2024-11-13,228.40000000000006,234.71254255371093
STATION_23,2024-11-14,233.85999999999996,234.65560895996094
STATION_23,2024-11-15,209.37999999999997,234.77945844726563
STATION_23,2024-11-16,218.70000000000005,234.97059309082033
STATION_23,2024-11-17,217.64000000000001,235.1884092529297
STATION_23,2024-11-18,246.9099999999999,235.48569624023438
STATION_23,2024-11-19,212.2800000000001,234.83652021484374
STATION_23,2024-11-20,194.88000000000005,234.95810529785157
STATION_23,2024-11-21,190.6599999999999,235.00310957031252
STATION_23,2024-11-22,200.59,234.91096784667968
STATION_23,2024-11-23,257.23,235.42321760253907
STATION_23,2024-11-24,230.32000000000002,234.95853254394532
STATION_23,2024-11-25,240.01999999999998,234.93437482910156
STATION_23,2024-11-26,240.72999999999996,234.64869367675783
STATION_23,2024-11-27,231.12,234.95745527343752
STATION_23,2024-11-28,228.5,235.0359190185547
STATION_23,2024-11-29,250.88999999999996,235.19531538085937
STATION_23,2024-11-30,232.9199999999999,235.07744123535156
STATION_23,2024-12-01,257.97999999999996,224.19297528273063
STATION_23,2024-12-02,242.42000000000002,224.12607769972283
STATION_23,2024-12-03,217.64000000000001,224.1144993305822
STATION_23,2024-12-04,220.05999999999992,224.33352704054312
STATION_23,2024-12-05,215.45000000000005,224.05762982374625
STATION_23,2024-12-06,254.35000000000005,224.07044415480095
STATION_23,2024-12-07,221.90000000000003,224.21838727003532
STATION_23,2024-12-08,214.02999999999997,224.4257542133947
STATION_23,2024-12-09,236.4,224.62692303663687
STATION_23,2024-12-10,228.05999999999992,224.8413822651525
STATION_23,2024-12-11,235.89000000000001,224.81049237257437
STATION_23,2024-12-12,267.8,224.509375429215
STATION_23,2024-12-13,248.26,224.15452618605093
STATION_23,2024-12-14,230.54000000000008,223.72204937941032
STATION_23,2024-12-15,201.83,223.62351422316033
STATION_23,2024-12-16,219.99999999999991,224.0830051899572
STATION_23,2024-12-17,244.21999999999994,224.21602826124627
STATION_23,2024-12-18,206.58000000000004,224.3520267964025
STATION_23,2024-12-19,272.82,224.67496685987908
STATION_23,2024-12-20,230.29000000000002,224.21798138624627
STATION_23,2024-12-21,230.98000000000008,224.359082460465
STATION_23,2024-12-22,216.67000000000004,224.10714459425407
STATION_23,2024-12-23,239.92999999999998,224.28331646925406
STATION_23,2024-12-24,206.84,223.77794232374626
STATION_23,2024-12-25,273.3000000000001,224.70857892042594
STATION_23,2024-12-26,256.35,225.08203473097282
STATION_23,2024-12-27,249.68999999999994,223.9002171040197
STATION_23,2024-12-28,202.19000000000005,222.97030682569937
STATION_23,2024-12-29,234.11,224.25148663526969
STATION_23,2024-12-30,254.18000000000012,223.84025006300408
STATION_23,2024-12-31,241.85999999999996,224.16460919386344
STATION_24,2024-08-07,33.41,47.17095988258156
STATION_24,2024-08-08,27.439999999999998,46.01962397559914
STATION_24,2024-08-09,57.57999999999998,48.456594495618674
STATION_24,2024-08-10,60.56999999999999,47.37887690528664
STATION_24,2024-08-11,44.25000000000001,48.505734662855
STATION_24,2024-08-12,75.34999999999998,46.38418543800148
STATION_24,2024-08-13,42.790000000000006,46.395254926526874
STATION_24,2024-08-14,41.940000000000005,47.18551753028664
STATION_24,2024-08-15,61.209999999999994,46.29802134498391
STATION_24,2024-08-16,45.35,45.79091685279641
STATION_24,2024-08-17,49.7,46.77019846900734
STATION_24,2024-08-18,10.000000000000002,46.45878870948586
STATION_24,2024-08-19,48.32999999999999,47.06975749000344
STATION_24,2024-08-20,11.46,48.529417066419455
STATION_24,2024-08-21,23.580000000000002,45.99919627174172
STATION_24,2024-08-22,21.29,50.26334727271828
STATION_24,2024-08-23,27.15,50.56630747779641
STATION_24,2024-08-24,37.02,50.991447095716325
STATION_24,2024-08-25,38.27000000000001,48.64131052955422
STATION_24,2024-08-26,61.28999999999998,51.67280238136086
STATION_24,2024-08-27,52.45,47.654854230726094
STATION_24,2024-08-28,10.000000000000002,46.363952283704606
STATION_24,2024-08-29,49.669999999999995,49.04777491554054
STATION_24,2024-08-30,54.370000000000005,47.74525340064797
STATION_24,2024-08-31,41.42999999999999,45.14212763770851
STATION_24,2024-09-01,46.78,49.73086714070638
STATION_24,2024-09-02,51.81000000000001,48.3834107808431
STATION_24,2024-09-03,63.290000000000006,49.34175199788412
STATION_24,2024-09-04,16.500000000000004,48.39305280965169
STATION_24,2024-09-05,43.10999999999999,48.64858259480794
STATION_24,2024-09-06,78.17000000000002,50.41232466023763
STATION_24,2024-09-07,76.32999999999998,47.60548185628255
STATION_24,2024-09-08,65.02,49.937362044270834
STATION_24,2024-09-09,58.740000000000016,48.87914671223958
STATION_24,2024-09-10,81.08999999999999,49.485807936604814
STATION_24,2024-09-11,86.36,48.14932493489583
STATION_24,2024-09-12,45.419999999999995,49.06065000813802
STATION_24,2024-09-13,28.610000000000007,48.29255384724935
STATION_24,2024-09-14,42.589999999999996,49.440091078694664
STATION_24,2024-09-15,109.93000000000005,49.69022611897786
STATION_24,2024-09-16,16.609999999999996,49.52625288289388
STATION_24,2024-09-17,38.589999999999996,50.80028318684896
STATION_24,2024-09-18,19.750000000000004,47.201861708577475
STATION_24,2024-09-19,50.5,50.986084883626305
STATION_24,2024-09-20,23.949999999999996,50.97310041707357
STATION_24,2024-09-21,45.82000000000001,51.2918824605306
STATION_24,2024-09-22,10.000000000000002,49.516854231770836
STATION_24,2024-09-23,60.35000000000002,48.81693815511068
STATION_24,2024-09-24,72.45000000000003,49.76816114705404
STATION_24,2024-09-25,40.32000000000001,49.76059355061849
STATION_24,2024-09-26,45.29999999999999,51.661613600667316
STATION_24,2024-09-27,44.730000000000004,49.99674619954427
STATION_24,2024-09-28,51.62,50.903268568929036
STATION_24,2024-09-29,47.24000000000001,47.9014657430013
STATION_24,2024-09-30,63.36,48.30662016194661
STATION_24,2024-10-01,164.65999999999994,128.12885466544859
STATION_24,2024-10-02,123.71999999999998,128.11225920646422
STATION_24,2024-10-03,133.81000000000003,131.0414034935736
STATION_24,2024-10-04,158.03000000000006,131.0885439965033
STATION_24,2024-10-05,111.57,131.6185092064642
STATION_24,2024-10-06,100.59000000000002,132.36569243400328
STATION_24,2024-10-07,144.53,132.10903655021423
STATION_24,2024-10-08,149.93000000000006,132.4327609154486
STATION_24,2024-10-09,125.54999999999997,132.27980376212827
STATION_24,2024-10-10,128.42999999999995,132.16828032462828
STATION_24,2024-10-11,124.80000000000004,132.24036894767517
STATION_24,2024-10-12,122.66,131.9664736840033
STATION_24,2024-10-13,153.87000000000006,131.20933714835874
STATION_24,2024-10-14,116.39,131.93041411369077
STATION_24,2024-10-15,134.68999999999997,132.01337614982359
STATION_24,2024-10-16,121.88999999999997,131.88156157462828
STATION_24,2024-10-17,110.88999999999996,131.85113860099545
STATION_24,2024-10-18,157.4,132.22329436271423
STATION_24,2024-10-19,129.59999999999997,132.37690459220642
STATION_24,2024-10-20,143.76999999999995,131.92422514884703
STATION_24,2024-10-21,109.83999999999997,131.53709746330014
STATION_24,2024-10-22,125.16,131.9012240502142
STATION_24,2024-10-23,155.11999999999995,131.88753996818298
STATION_24,2024-10-24,191.75000000000009,131.55923796622983
STATION_24,2024-10-25,100.48000000000005,132.08072844474546
STATION_24,2024-10-26,135.97999999999996,131.79510527580015
STATION_24,2024-10-27,148.25,130.91577940910094
STATION_24,2024-10-28,127.67999999999998,131.5629855248236
STATION_24,2024-10-29,156.99000000000004,131.31685515372985
STATION_24,2024-10-30,122.67,131.02581358878842
STATION_24,2024-10-31,143.07999999999998,131.53360014884703
STATION_24,2024-11-01,219.56,231.92578881022135
STATION_24,2024-11-02,254.39000000000007,232.88357079264324
STATION_24,2024-11-03,216.47,232.10272362467447
STATION_24,2024-11-04,222.95999999999992,232.09981224772136
STATION_24,2024-11-05,248.9099999999999,233.41356346842448
STATION_24,2024-11-06,209.43999999999997,233.18792565104167
STATION_24,2024-11-07,231.38000000000005,233.77891991373698
STATION_24,2024-11-08,193.55,233.63238671061197
STATION_24,2024-11-09,208.2400000000001,233.82260582682292
STATION_24,2024-11-10,237.64000000000004,233.8329055094401
STATION_24,2024-11-11,210.19000000000008,233.45728600260418
STATION_24,2024-11-12,219.10999999999993,233.2855880045573
STATION_24,2024-11-13,239.8600000000001,233.90771935221355
STATION_24,2024-11-14,218.42,233.75371849772137
STATION_24,2024-11-15,246.46000000000006,233.77212059733074
STATION_24,2024-11-16,234.31000000000006,233.47415001627604
STATION_24,2024-11-17,238.71000000000006,233.38804772135416
STATION_24,2024-11-18,254.81999999999994,233.4588851236979
STATION_24,2024-11-19,236.4,233.38955528971354
STATION_24,2024-11-20,260.78,232.94021752115884
STATION_24,2024-11-21,248.22999999999988,233.0502394938151
STATION_24,2024-11-22,219.53000000000003,233.25702049967447
STATION_24,2024-11-23,255.86000000000007,233.47930748697917
STATION_24,2024-11-24,235.28000000000003,233.45242150065104
STATION_24,2024-11-25,222.11000000000004,233.41407311197918
STATION_24,2024-11-26,235.57,233.55064232584635
STATION_24,2024-11-27,252.24999999999991,233.85205834147135
STATION_24,2024-11-28,239.10000000000008,233.61004784342447
STATION_24,2024-11-29,266.44999999999993,233.7255782389323
STATION_24,2024-11-30,251.73000000000008,233.62063439127604
STATION_24,2024-12-01,240.46000000000004,229.40027032667592
STATION_24,2024-12-02,209.48000000000002,229.22689386183217
STATION_24,2024-12-03,226.41000000000008,229.33941522413687
STATION_24,2024-12-04,231.43000000000006,229.50471673780874
STATION_24,2024-12-05,243.93000000000006,229.2850786762853
STATION_24,2024-12-06,242.75,230.05682245069937
STATION_24,2024-12-07,233.39000000000007,229.41030755812125
STATION_24,2024-12-08,232.4099999999999,229.69692865187125
STATION_24,2024-12-09,244.4099999999999,229.58630853468372
STATION_24,2024-12-10,212.83,229.53859124952749
STATION_24,2024-12-11,263.91,229.15507074171498
STATION_24,2024-12-12,189.05999999999995,229.3429857807775
STATION_24,2024-12-13,259.11,229.49868341261342
STATION_24,2024-12-14,229.09999999999997,229.2169634419103
STATION_24,2024-12-15,250.04999999999998,229.32876458937125
STATION_24,2024-12-16,237.28000000000006,229.35697503858998
STATION_24,2024-12-17,236.91999999999996,229.3616167622228
STATION_24,2024-12-18,241.09000000000003,229.54662042433216
STATION_24,2024-12-19,246.1799999999999,229.81840081983998
STATION_24,2024-12-20,223.42000000000004,229.34871698194937
STATION_24,2024-12-21,250.69999999999996,229.60203729444936
STATION_24,2024-12-22,208.31000000000003,228.97330804640248
STATION_24,2024-12-23,229.88999999999996,228.96842523390248
STATION_24,2024-12-24,246.72000000000003,229.24847589308217
STATION_24,2024-12-25,249.90000000000006,229.1957232075353
STATION_24,2024-12-26,239.22000000000003,229.46841913038685
STATION_24,2024-12-27,222.12999999999997,228.58150811964467
STATION_24,2024-12-28,247.93000000000012,228.70674005323843
STATION_24,2024-12-29,216.61000000000007,229.50298944288687
STATION_24,2024-12-30,265.03000000000003,229.34910760694936
STATION_24,2024-12-31,228.3100000000001,229.30400872999624
STATION_25,2024-08-07,50.88999999999999,46.43215317679741
STATION_25,2024-08-08,65.45999999999998,45.9780500884185
STATION_25,2024-08-09,40.26,46.33347916556694
STATION_25,2024-08-10,42.19,46.92565293265678
STATION_25,2024-08-11,104.43999999999998,46.9992285246978
STATION_25,2024-08-12,69.56999999999996,46.03086152030327
STATION_25,2024-08-13,71.0,46.512982797158735
STATION_25,2024-08-14,18.790000000000003,46.72792038871147
STATION_25,2024-08-15,33.86,47.678856515420456
STATION_25,2024-08-16,49.48999999999999,48.97733292533256
STATION_25,2024-08-17,27.98,48.03422379447319
STATION_25,2024-08-18,80.01000000000003,47.55889573050835
STATION_25,2024-08-19,76.21000000000001,47.272686624063034
STATION_25,2024-08-20,37.33,46.901670693887255
STATION_25,2024-08-21,83.68,48.45351319266655
STATION_25,2024-08-22,47.91,46.232324838174364
STATION_25,2024-08-23,99.79,46.542873239053264
STATION_25,2024-08-24,50.88999999999999,46.41671128226616
STATION_25,2024-08-25,59.519999999999975,48.25627961112358
STATION_25,2024-08-26,76.00000000000001,45.6185156340728
STATION_25,2024-08-27,73.55000000000001,46.51539368583061
STATION_25,2024-08-28,58.20999999999998,47.699671029580614
STATION_25,2024-08-29,45.18,47.25291657401421
STATION_25,2024-08-30,58.28000000000002,45.136012887490764
STATION_25,2024-08-31,31.68,46.46946625663139
STATION_25,2024-09-01,51.03999999999999,45.7159801574707
STATION_25,2024-09-02,25.809999999999995,46.2863041015625
STATION_25,2024-09-03,12.38,45.49634057006836
STATION_25,2024-09-04,49.010000000000005,47.49481469116211
STATION_25,2024-09-05,73.25,46.61100960693359
STATION_25,2024-09-06,66.52000000000001,45.39200097045899
STATION_25,2024-09-07,46.36000000000001,45.482143792724614
STATION_25,2024-09-08,82.94000000000004,45.74482613525391
STATION_25,2024-09-09,36.61999999999999,44.48715401611328
STATION_25,2024-09-10,10.000000000000002,46.48773919067383
STATION_25,2024-09-11,10.000000000000002,45.69561425170899
STATION_25,2024-09-12,24.38,46.53682137451172
STATION_25,2024-09-13,64.33,44.92138634643555
STATION_25,2024-09-14,35.3,45.24597435913086
STATION_25,2024-09-15,57.21999999999999,46.54371834716797
STATION_25,2024-09-16,80.93000000000002,48.64264489135742
STATION_25,2024-09-17,26.0,48.43606759033203
STATION_25,2024-09-18,57.570000000000014,45.914165887451176
STATION_25,2024-09-19,58.78,45.21812249145508
STATION_25,2024-09-20,30.789999999999996,45.773534783935546
STATION_25,2024-09-21,75.07999999999998,46.86109810791016
STATION_25,2024-09-22,42.25000000000001,45.90573922119141
STATION_25,2024-09-23,40.32000000000001,47.363525781250004
STATION_25,2024-09-24,90.23000000000002,46.906267938232425
STATION_25,2024-09-25,58.460000000000015,45.370142755126956
STATION_25,2024-09-26,66.51000000000003,45.80477333984375
STATION_25,2024-09-27,75.1,45.5200069519043
STATION_25,2024-09-28,34.989999999999995,44.95245705566406
STATION_25,2024-09-29,73.00000000000003,44.62407265625
STATION_25,2024-09-30,37.96000000000001,45.29986992797852
STATION_25,2024-10-01,129.10999999999996,131.89525918677546
STATION_25,2024-10-02,134.56000000000003,136.0253220529864
STATION_25,2024-10-03,127.55999999999995,132.9668213815997
STATION_25,2024-10-04,156.43999999999997,135.60797586158014
STATION_25,2024-10-05,145.33999999999997,134.2677567453692
STATION_25,2024-10-06,130.17999999999995,135.4017563791583
STATION_25,2024-10-07,153.49,135.63276223853327
STATION_25,2024-10-08,134.5,135.59723672583797
STATION_25,2024-10-09,133.44000000000005,136.1303757639239
STATION_25,2024-10-10,140.96999999999994,135.79362649634578
STATION_25,2024-10-11,149.27000000000004,135.96567239478327
STATION_25,2024-10-12,147.80000000000007,134.5446579904864
STATION_25,2024-10-13,132.74000000000004,134.93817605689264
STATION_25,2024-10-14,156.94000000000005,134.68826150611142
STATION_25,2024-10-15,135.55,134.98347024634577
STATION_25,2024-10-16,126.9,134.94178628638485
STATION_25,2024-10-17,110.63999999999999,135.09327249243952
STATION_25,2024-10-18,159.66000000000003,135.9653092356036
STATION_25,2024-10-19,140.25000000000003,135.1263993234942
STATION_25,2024-10-20,144.22000000000006,135.44915628150204
STATION_25,2024-10-21,160.92000000000004,135.42278909400204
STATION_25,2024-10-22,130.45000000000002,135.32742776587702
STATION_25,2024-10-23,112.50999999999998,135.4534928293536
STATION_25,2024-10-24,141.39999999999998,135.36380166724422
STATION_25,2024-10-25,146.16000000000003,135.25687417700985
STATION_25,2024-10-26,134.74,135.06494912818172
STATION_25,2024-10-27,169.47000000000003,134.4045456857989
STATION_25,2024-10-28,90.28,134.38602151587702
STATION_25,2024-10-29,162.4,134.28578347876766
STATION_25,2024-10-30,155.82000000000005,132.62498788550593
STATION_25,2024-10-31,149.13999999999996,134.76352090552547
STATION_25,2024-11-01,163.27999999999997,224.1949992513021
STATION_25,2024-11-02,255.68000000000012,224.0562266682943
STATION_25,2024-11-03,209.47000000000006,223.46565965169273
STATION_25,2024-11-04,219.85000000000008,223.8132365559896
STATION_25,2024-11-05,226.59000000000006,225.00302537434897
STATION_25,2024-11-06,238.15,225.2339427327474
STATION_25,2024-11-07,242.79,224.89435838216147
STATION_25,2024-11-08,247.86000000000004,225.24217027180993
STATION_25,2024-11-09,246.32000000000002,224.69284165852866
STATION_25,2024-11-10,235.05999999999995,224.44036973470054
STATION_25,2024-11-11,238.31999999999996,224.2319621419271
STATION_25,2024-11-12,208.1800000000001,224.03202622884118
STATION_25,2024-11-13,214.98000000000002,224.93075974934897
STATION_25,2024-11-14,247.91000000000003,224.36742661946616
STATION_25,2024-11-15,246.7400000000001,224.34833177083334
STATION_25,2024-11-16,244.48000000000008,224.53398545735678
STATION_25,2024-11-17,219.71000000000006,224.39413560384116
STATION_25,2024-11-18,248.21000000000004,224.6702861165365
STATION_25,2024-11-19,206.77999999999997,224.69588731282553
STATION_25,2024-11-20,251.54999999999995,224.85320847981774
STATION_25,2024-11-21,224.77999999999992,224.23143113606773
STATION_25,2024-11-22,263.68,224.46507371419273
STATION_25,2024-11-23,199.57,224.64893907063805
STATION_25,2024-11-24,265.27,224.66121934407553
STATION_25,2024-11-25,222.77000000000007,224.4897044514974
STATION_25,2024-11-26,222.41,224.54073899739586
STATION_25,2024-11-27,233.89999999999995,224.35967820638024
STATION_25,2024-11-28,216.06000000000006,224.3592295979818
STATION_25,2024-11-29,228.55000000000007,225.00416978352865
STATION_25,2024-11-30,215.25000000000006,224.95743821614585
STATION_25,2024-12-01,215.97999999999993,225.68248038605725
STATION_25,2024-12-02,239.7400000000001,225.40742545441663
STATION_25,2024-12-03,211.97000000000006,225.08386893586191
STATION_25,2024-12-04,214.64000000000007,225.42389273957286
STATION_25,2024-12-05,202.53999999999996,225.33754325226818
STATION_25,2024-12-06,219.92000000000007,225.6322057278541
STATION_25,2024-12-07,256.22999999999996,225.41383414582288
STATION_25,2024-12-08,213.0800000000001,225.25963492707285
STATION_25,2024-12-09,215.3700000000001,225.3726110012916
STATION_25,2024-12-10,233.8799999999999,225.46153312043225
STATION_25,2024-12-11,222.57999999999998,225.52276053742443
STATION_25,2024-12-12,274.5600000000001,225.45874686554941
STATION_25,2024-12-13,226.74999999999994,224.75114188508067
STATION_25,2024-12-14,236.70000000000002,224.99825187043223
STATION_25,2024-12-15,248.88000000000008,224.6713597805885
STATION_25,2024-12-16,248.49,224.85567984894786
STATION_25,2024-12-17,234.67,225.0786839993385
STATION_25,2024-12-18,226.77999999999997,225.1239934475807
STATION_25,2024-12-19,270.48,226.15728507355723
STATION_25,2024-12-20,228.00000000000006,224.93124137238536
STATION_25,2024-12-21,221.16999999999996,224.9492467434791
STATION_25,2024-12-22,217.08000000000007,224.54065909699474
STATION_25,2024-12-23,195.46000000000006,224.7469945462135
STATION_25,2024-12-24,246.43000000000012,224.8017613919166
STATION_25,2024-12-25,183.03999999999996,225.19386954621348
STATION_25,2024-12-26,229.88999999999996,226.1346959622291
STATION_25,2024-12-27,225.90000000000006,225.3894750149635
STATION_25,2024-12-28,274.8,225.2365422757057
STATION_25,2024-12-29,193.36999999999998,225.01617484406506
STATION_25,2024-12-30,211.97999999999993,225.1647985012916
STATION_25,2024-12-31,227.2800000000001,224.9634313137916
STATION_26,2024-08-07,41.629999999999995,46.608238657358534
STATION_26,2024-08-08,47.31000000000001,48.740649851206186
STATION_26,2024-08-09,69.38999999999997,46.56256223523939
STATION_26,2024-08-10,26.46,46.12115674817885
STATION_26,2024-08-11,61.26999999999998,45.61325956189955
STATION_26,2024-08-12,48.379999999999995,46.51338468396986
STATION_26,2024-08-13,53.459999999999994,45.406882151010876
STATION_26,2024-08-14,67.16999999999999,45.40634809339369
STATION_26,2024-08-15,22.349999999999998,46.52269941175307
STATION_26,2024-08-16,64.21,48.04960294568861
STATION_26,2024-08-17,36.61999999999999,46.66812864148939
STATION_26,2024-08-18,69.92000000000003,45.43652463758314
STATION_26,2024-08-19,54.69,47.51698575818861
STATION_26,2024-08-20,43.81000000000001,47.9642239173683
STATION_26,2024-08-21,36.20000000000001,46.132371958139785
STATION_26,2024-08-22,64.46999999999997,46.566453989389785
STATION_26,2024-08-23,73.21999999999997,46.81662412488783
STATION_26,2024-08-24,37.34000000000001,46.580946024301895
STATION_26,2024-08-25,25.340000000000003,48.07069898450697
STATION_26,2024-08-26,61.87999999999999,46.62326703870619
STATION_26,2024-08-27,19.03,47.19358182752455
STATION_26,2024-08-28,21.890000000000004,45.8398357948097
STATION_26,2024-08-29,26.75,49.147326334360486
STATION_26,2024-08-30,39.68999999999999,46.752445658090956
STATION_26,2024-08-31,21.270000000000003,49.07326017225111
STATION_26,2024-09-01,10.000000000000002,44.12969098917644
STATION_26,2024-09-02,25.290000000000003,42.97616315714519
STATION_26,2024-09-03,60.85000000000001,44.6341625773112
STATION_26,2024-09-04,22.569999999999997,43.612579783121745
STATION_26,2024-09-05,41.19,44.684522684733075
STATION_26,2024-09-06,86.92999999999998,46.54163633219402
STATION_26,2024-09-07,47.02000000000001,44.16075483194987
STATION_26,2024-09-08,54.849999999999994,45.81352048746745
STATION_26,2024-09-09,29.08,43.539729746500655
STATION_26,2024-09-10,91.27,44.66041684977214
STATION_26,2024-09-11,37.17000000000001,43.16332746378581
STATION_26,2024-09-12,43.440000000000005,42.60849424235026
STATION_26,2024-09-13,74.34000000000002,41.77306409708659
STATION_26,2024-09-14,44.36999999999999,43.38985029093425
STATION_26,2024-09-15,48.96000000000001,44.38368421427409
STATION_26,2024-09-16,42.36999999999999,43.16739469401042
STATION_26,2024-09-17,42.49999999999999,43.11696821085612
STATION_26,2024-09-18,55.41000000000002,42.40727582804362
STATION_26,2024-09-19,59.05999999999999,43.3410229288737
STATION_26,2024-09-20,35.13999999999999,43.01519056193034
STATION_26,2024-09-21,32.68,42.663299235026045
STATION_26,2024-09-22,35.82,44.94436002604167
STATION_26,2024-09-23,19.969999999999995,43.98470807902019
STATION_26,2024-09-24,16.190000000000005,46.16337858072917
STATION_26,2024-09-25,53.94000000000002,49.21640439860026
STATION_26,2024-09-26,66.77000000000001,46.418922098795576
STATION_26,2024-09-27,65.42000000000002,45.17531934611003
STATION_26,2024-09-28,10.000000000000002,46.05599332682292
STATION_26,2024-09-29,43.099999999999994,45.50197873942058
STATION_26,2024-09-30,25.960000000000004,44.281856211344405
STATION_26,2024-10-01,142.87000000000003,138.5056885100334
STATION_26,2024-10-02,131.64000000000001,140.3398483611076
STATION_26,2024-10-03,151.84,138.7477096892326
STATION_26,2024-10-04,139.62000000000006,141.51542514333417
STATION_26,2024-10-05,102.07999999999996,142.19921420583418
STATION_26,2024-10-06,120.66,141.35650485524823
STATION_26,2024-10-07,140.12,140.90070041188886
STATION_26,2024-10-08,141.80000000000007,142.186228976342
STATION_26,2024-10-09,111.88999999999996,142.12892001638104
STATION_26,2024-10-10,109.26999999999997,142.64200290212324
STATION_26,2024-10-11,141.11999999999998,142.41335299977948
STATION_26,2024-10-12,111.93000000000002,141.89799350270917
STATION_26,2024-10-13,106.62999999999997,140.86687778005293
STATION_26,2024-10-14,131.09999999999997,141.81323092946698
STATION_26,2024-10-15,130.23000000000005,141.80577853688885
STATION_26,2024-10-16,122.43000000000004,141.55782931813886
STATION_26,2024-10-17,125.93000000000005,141.7387985564201
STATION_26,2024-10-18,140.27999999999994,142.2901108122795
STATION_26,2024-10-19,125.60000000000004,141.45513766774823
STATION_26,2024-10-20,141.41,141.42330783376386
STATION_26,2024-10-21,132.38999999999996,139.63133700856855
STATION_26,2024-10-22,143.34999999999994,139.58289645681074
STATION_26,2024-10-23,157.56000000000003,140.8407455779045
STATION_26,2024-10-24,156.78,141.81896518239668
STATION_26,2024-10-25,165.75999999999996,141.4287369109123
STATION_26,2024-10-26,156.75999999999996,140.66592563161544
STATION_26,2024-10-27,144.76999999999995,141.26763461599043
STATION_26,2024-10-28,131.33,140.29052279958418
STATION_26,2024-10-29,132.23999999999998,141.38814853200606
STATION_26,2024-10-30,122.43999999999996,141.338816866967
STATION_26,2024-10-31,140.08999999999997,142.09987033376387
STATION_26,2024-11-01,243.95000000000002,226.3213483072917
STATION_26,2024-11-02,215.48999999999995,228.4219159342448
STATION_26,2024-11-03,229.25999999999993,228.77216617838542
STATION_26,2024-11-04,216.4499999999999,227.98259403483075
STATION_26,2024-11-05,234.19000000000008,229.0408642985026
STATION_26,2024-11-06,219.01000000000002,229.072791788737
STATION_26,2024-11-07,215.20999999999992,229.3079755045573
STATION_26,2024-11-08,216.4,228.9093610026042
STATION_26,2024-11-09,240.07000000000002,229.2740643717448
STATION_26,2024-11-10,228.07000000000008,228.8000439860026
STATION_26,2024-11-11,221.42999999999998,228.79280216471355
STATION_26,2024-11-12,235.22999999999993,228.9631268717448
STATION_26,2024-11-13,221.71000000000006,228.7274335123698
STATION_26,2024-11-14,252.52999999999992,228.97370426432292
STATION_26,2024-11-15,210.5200000000001,229.58357059733075
STATION_26,2024-11-16,226.25999999999996,229.1421307779948
STATION_26,2024-11-17,201.89999999999995,229.47400333658857
STATION_26,2024-11-18,223.05999999999992,229.0694989420573
STATION_26,2024-11-19,196.41000000000005,229.17097904459638
STATION_26,2024-11-20,244.92999999999995,229.46258060709636
STATION_26,2024-11-21,245.3300000000001,229.2264783121745
STATION_26,2024-11-22,245.68000000000006,228.96861088053387
STATION_26,2024-11-23,230.57999999999998,229.08871891276044
STATION_26,2024-11-24,212.4,229.17246525065104
STATION_26,2024-11-25,213.99000000000007,229.289100382487
STATION_26,2024-11-26,260.6,229.04064762369794
STATION_26,2024-11-27,258.71,229.06352054850262
STATION_26,2024-11-28,232.4500000000001,228.70754215494793
STATION_26,2024-11-29,219.69000000000008,228.69118473307293
STATION_26,2024-11-30,257.3700000000001,229.2680829264323
STATION_26,2024-12-01,216.1100000000001,225.49194237099928
STATION_26,2024-12-02,234.57999999999996,225.4817891727571
STATION_26,2024-12-03,257.04,225.89590965615554
STATION_26,2024-12-04,213.27,225.9296437870149
STATION_26,2024-12-05,246.57999999999998,225.67189537392898
STATION_26,2024-12-06,240.4100000000001,225.52149559365552
STATION_26,2024-12-07,229.21000000000006,225.41640220986648
STATION_26,2024-12-08,210.12999999999994,225.52897545205397
STATION_26,2024-12-09,215.51000000000008,225.5055257450227
STATION_26,2024-12-10,235.7899999999999,226.17233177529616
STATION_26,2024-12-11,201.52999999999997,225.79446922646804
STATION_26,2024-12-12,232.61000000000004,225.9776906620149
STATION_26,2024-12-13,240.8200000000001,225.93390404092116
STATION_26,2024-12-14,249.69999999999987,225.90453392373365
STATION_26,2024-12-15,202.02999999999997,225.81682030068677
STATION_26,2024-12-16,256.31999999999994,225.7997121463899
STATION_26,2024-12-17,263.91,225.74243370400708
STATION_26,2024-12-18,238.1999999999999,225.37052818642897
STATION_26,2024-12-19,209.2400000000001,224.75961510049146
STATION_26,2024-12-20,223.44000000000003,225.09800926553052
STATION_26,2024-12-21,229.04999999999993,225.51504112588208
STATION_26,2024-12-22,235.41000000000008,225.52220054971022
STATION_26,2024-12-23,230.44000000000003,225.34833275185866
STATION_26,2024-12-24,235.62000000000003,226.0353078495149
STATION_26,2024-12-25,228.1899999999999,225.91740013467114
STATION_26,2024-12-26,235.30000000000013,226.40455833779615
STATION_26,2024-12-27,220.79000000000002,225.18396812783521
STATION_26,2024-12-28,223.23999999999995,224.97316795693678
STATION_26,2024-12-29,218.48000000000008,226.26797081338208
STATION_26,2024-12-30,268.34999999999997,226.08257957803053
STATION_26,2024-12-31,259.2799999999999,225.68544823037428
STATION_27,2024-08-07,48.95,53.92337506680876
STATION_27,2024-08-08,28.790000000000006,51.01111768155485
STATION_27,2024-08-09,79.29999999999998,53.04040921597868
STATION_27,2024-08-10,58.009999999999984,54.280095037511884
STATION_27,2024-08-11,32.510000000000005,52.77783292203337
STATION_27,2024-08-12,28.120000000000005,52.36233838467985
STATION_27,2024-08-13,54.139999999999986,50.662552007726724
STATION_27,2024-08-14,48.88000000000001,52.46810239224821
STATION_27,2024-08-15,64.64,53.08638623624235
STATION_27,2024-08-16,58.94000000000002,50.44463361173063
STATION_27,2024-08-17,42.71000000000001,51.74655698209196
STATION_27,2024-08-18,37.12,54.02895673184782
STATION_27,2024-08-19,44.79999999999999,52.11251614957243
STATION_27,2024-08-20,36.99000000000001,52.290560277990394
STATION_27,2024-08-21,45.39999999999999,53.76198743253141
STATION_27,2024-08-22,48.32999999999999,50.573803838781416
STATION_27,2024-08-23,30.04,51.53292477994352
STATION_27,2024-08-24,60.60999999999999,50.95842450528532
STATION_27,2024-08-25,40.59,50.300299200109535
STATION_27,2024-08-26,31.159999999999997,52.67485593228727
STATION_27,2024-08-27,40.96999999999999,52.07628568082243
STATION_27,2024-08-28,52.85000000000001,51.99717343717008
STATION_27,2024-08-29,49.65999999999999,52.51676572232633
STATION_27,2024-08-30,56.439999999999976,51.95563519864469
STATION_27,2024-08-31,65.97000000000001,51.71439908414274
STATION_27,2024-09-01,74.10000000000002,45.85885591430664
STATION_27,2024-09-02,53.70999999999999,44.65716676635742
STATION_27,2024-09-03,26.610000000000007,43.65752649230957
STATION_27,2024-09-04,42.61999999999999,45.203346728515626
STATION_27,2024-09-05,27.910000000000004,45.62914552612305
STATION_27,2024-09-06,81.94,46.66736116333008
STATION_27,2024-09-07,87.75,47.17338762207031
STATION_27,2024-09-08,61.01000000000002,46.02758836669922
STATION_27,2024-09-09,65.16999999999999,46.10359315795898
STATION_27,2024-09-10,53.02000000000002,45.875285815429685
STATION_27,2024-09-11,55.31999999999998,44.8566380493164
STATION_27,2024-09-12,16.049999999999997,43.56475114746094
STATION_27,2024-09-13,46.52,45.23108949584961
STATION_27,2024-09-14,30.379999999999995,46.374332904052736
STATION_27,2024-09-15,53.63000000000002,46.02059678955078
STATION_27,2024-09-16,46.81000000000001,44.684943865966794
STATION_27,2024-09-17,86.93999999999997,45.65081682128906
STATION_27,2024-09-18,66.33000000000001,44.28970079345703
STATION_27,2024-09-19,53.68999999999999,46.29249315185547
STATION_27,2024-09-20,42.65999999999999,45.44052629394531
STATION_27,2024-09-21,81.51999999999997,44.98870210571289
STATION_27,2024-09-22,47.39999999999999,45.65231904907226
STATION_27,2024-09-23,54.629999999999995,45.808258532714845
STATION_27,2024-09-24,48.84000000000001,45.17861757202148
STATION_27,2024-09-25,39.92000000000001,45.91550645751953
STATION_27,2024-09-26,48.73,45.74402666015625
STATION_27,2024-09-27,10.000000000000002,44.7248494140625
STATION_27,2024-09-28,17.050000000000004,46.423337268066405
STATION_27,2024-09-29,54.990000000000016,47.770243548583984
STATION_27,2024-09-30,79.36000000000001,42.14407930297851
STATION_27,2024-10-01,146.95999999999998,141.13821200069304
STATION_27,2024-10-02,125.59000000000002,142.50361727413053
STATION_27,2024-10-03,111.14000000000003,145.56122835811493
STATION_27,2024-10-04,155.69000000000003,145.7487466686618
STATION_27,2024-10-05,128.65999999999994,143.24343050655241
STATION_27,2024-10-06,152.86000000000007,144.62798556026337
STATION_27,2024-10-07,147.80000000000007,144.35064181026337
STATION_27,2024-10-08,149.56999999999996,144.86196077998991
STATION_27,2024-10-09,140.67,144.24287203487273
STATION_27,2024-10-10,147.67000000000004,144.30528048213836
STATION_27,2024-10-11,137.61000000000004,143.6314340465915
STATION_27,2024-10-12,127.29000000000005,142.52659090694306
STATION_27,2024-10-13,120.72999999999999,143.42141207393524
STATION_27,2024-10-14,92.29999999999998,143.86786898311493
STATION_27,2024-10-15,136.38000000000005,143.8132730358493
STATION_27,2024-10-16,170.38999999999993,144.3713846081149
STATION_27,2024-10-17,154.59999999999994,143.4996011608493
STATION_27,2024-10-18,144.54999999999998,143.26116732295867
STATION_27,2024-10-19,125.31999999999996,143.27842806514616
STATION_27,2024-10-20,159.95000000000002,143.50479525264618
STATION_27,2024-10-21,137.61000000000004,143.850550257529
STATION_27,2024-10-22,171.50000000000006,143.9466256969821
STATION_27,2024-10-23,120.38000000000004,143.5138131969821
STATION_27,2024-10-24,125.0,144.6219674938571
STATION_27,2024-10-25,123.04999999999998,143.7321664684665
STATION_27,2024-10-26,110.36000000000001,144.06745699581023
STATION_27,2024-10-27,121.26000000000003,144.5952554577243
STATION_27,2024-10-28,142.06000000000006,144.07290743526335
STATION_27,2024-10-29,125.76000000000005,144.137806116904
STATION_27,2024-10-30,62.869999999999976,142.72036226924774
STATION_27,2024-10-31,161.49,144.5314401501071
STATION_27,2024-11-01,196.32000000000008,228.55088369140626
STATION_27,2024-11-02,241.77999999999992,227.02725087890624
STATION_27,2024-11-03,230.61999999999995,230.54624501953126
STATION_27,2024-11-04,272.35,231.12192250976562
STATION_27,2024-11-05,249.94000000000008,229.96183034667968
STATION_27,2024-11-06,219.91000000000008,227.28394338378905
STATION_27,2024-11-07,215.95999999999995,231.1233354736328
STATION_27,2024-11-08,260.04999999999995,231.1859331298828
STATION_27,2024-11-09,200.47999999999996,230.9482317138672
STATION_27,2024-11-10,233.81999999999994,230.8294572998047
STATION_27,2024-11-11,227.38000000000008,230.95023061523437
STATION_27,2024-11-12,223.1399999999999,231.14827138671876
STATION_27,2024-11-13,237.07000000000008,231.36953603515624
STATION_27,2024-11-14,233.79000000000005,231.36605703125
STATION_27,2024-11-15,239.14999999999995,231.5776811767578
STATION_27,2024-11-16,232.7800000000001,231.39343129882812
STATION_27,2024-11-17,238.35,231.1050432373047
STATION_27,2024-11-18,231.87,230.9342485595703
STATION_27,2024-11-19,216.8100000000001,230.94179860839844
STATION_27,2024-11-20,230.08,231.1187944580078
STATION_27,2024-11-21,215.71000000000004,231.04378530273436
STATION_27,2024-11-22,214.39000000000001,231.35861379394532
STATION_27,2024-11-23,223.28000000000006,230.86607229003906
STATION_27,2024-11-24,227.61000000000007,231.22112905273437
STATION_27,2024-11-25,230.7,231.48802053222656
STATION_27,2024-11-26,248.32999999999998,231.48768483886718
STATION_27,2024-11-27,220.02999999999992,231.44278737792968
STATION_27,2024-11-28,233.94000000000003,231.4446947265625
STATION_27,2024-11-29,232.36,231.27045766601563
STATION_27,2024-11-30,217.8300000000001,231.60994436035156
STATION_27,2024-12-01,231.47000000000006,229.8095784321447
STATION_27,2024-12-02,250.04999999999998,229.6422261372228
STATION_27,2024-12-03,233.73000000000002,229.89454852491812
STATION_27,2024-12-04,234.53,229.77689715773062
STATION_27,2024-12-05,215.88999999999993,229.91503192335563
STATION_27,2024-12-06,269.38000000000005,230.1508443012853
STATION_27,2024-12-07,217.02999999999994,229.73282977491812
STATION_27,2024-12-08,196.64000000000004,229.5649495258947
STATION_27,2024-12-09,247.19999999999993,229.74441119581655
STATION_27,2024-12-10,227.70000000000005,229.82748614698843
STATION_27,2024-12-11,223.94,229.70926104933218
STATION_27,2024-12-12,219.09000000000003,229.7987691059728
STATION_27,2024-12-13,267.4300000000001,230.12053729444938
STATION_27,2024-12-14,237.08999999999992,229.81802874952749
STATION_27,2024-12-15,241.00000000000009,229.95009662062125
STATION_27,2024-12-16,233.24999999999991,229.62101642042592
STATION_27,2024-12-17,235.40000000000006,229.71552935987904
STATION_27,2024-12-18,257.9699999999999,229.4688161030431
STATION_27,2024-12-19,224.98,229.62055865675404
STATION_27,2024-12-20,200.85999999999993,230.0464772358556
STATION_27,2024-12-21,247.3599999999999,229.9648060932775
STATION_27,2024-12-22,239.92999999999998,229.61022845655873
STATION_27,2024-12-23,232.16000000000005,229.58123675733998
STATION_27,2024-12-24,239.41999999999993,229.30320331007437
STATION_27,2024-12-25,222.58999999999997,229.846031679215
STATION_27,2024-12-26,230.41,229.84456378370717
STATION_27,2024-12-27,227.36999999999998,228.35302325636343
STATION_27,2024-12-28,218.17,229.92852374464468
STATION_27,2024-12-29,253.78000000000011,230.18035174757438
STATION_27,2024-12-30,201.75,230.10721026808218
STATION_27,2024-12-31,277.21999999999997,229.8988911762853
STATION_28,2024-08-07,64.99,42.27418481197873
STATION_28,2024-08-08,40.53999999999999,43.37718621578732
STATION_28,2024-08-09,25.1,44.70857201900998
STATION_28,2024-08-10,38.06,41.77943993893185
STATION_28,2024-08-11,58.899999999999984,45.96213799801388
STATION_28,2024-08-12,47.86000000000001,42.356846249967006
STATION_28,2024-08-13,70.36999999999999,41.832816708951384
STATION_28,2024-08-14,76.70999999999998,41.27177544918575
STATION_28,2024-08-15,24.340000000000003,44.221219266324425
STATION_28,2024-08-16,22.869999999999997,41.715020383267785
STATION_28,2024-08-17,21.900000000000002,42.58737298336544
STATION_28,2024-08-18,30.02,46.41888314571896
STATION_28,2024-08-19,70.08000000000003,45.64249154415646
STATION_28,2024-08-20,59.20999999999998,43.71890298214474
STATION_28,2024-08-21,37.1,45.222394956021695
STATION_28,2024-08-22,47.78,44.06578484859982
STATION_28,2024-08-23,76.09000000000003,42.19160500851193
STATION_28,2024-08-24,86.16000000000001,43.09358254757443
STATION_28,2024-08-25,53.19,43.92308541622677
STATION_28,2024-08-26,10.000000000000002,42.58987923946896
STATION_28,2024-08-27,53.95000000000002,41.72056161251584
STATION_28,2024-08-28,66.68999999999997,44.44051934567013
STATION_28,2024-08-29,52.49,43.65499307003537
STATION_28,2024-08-30,62.52999999999997,43.71784173336545
STATION_28,2024-08-31,55.14,42.72455483761349
STATION_28,2024-09-01,23.309999999999995,51.838252443440766
STATION_28,2024-09-02,30.279999999999998,48.91504916585287
STATION_28,2024-09-03,41.57999999999999,49.85544452107748
STATION_28,2024-09-04,69.31000000000002,50.16538104451498
STATION_28,2024-09-05,32.68,51.271350282796234
STATION_28,2024-09-06,57.12000000000001,50.78347262776693
STATION_28,2024-09-07,54.07,50.9463540974935
STATION_28,2024-09-08,79.72000000000003,49.6976739827474
STATION_28,2024-09-09,47.17,50.543777650960294
STATION_28,2024-09-10,12.9,50.68274936116537
STATION_28,2024-09-11,60.94000000000002,48.14987811482748
STATION_28,2024-09-12,90.76000000000002,49.58341998494467
STATION_28,2024-09-13,62.24999999999999,48.39909381306967
STATION_28,2024-09-14,32.25000000000001,51.75473575032553
STATION_28,2024-09-15,26.359999999999996,50.26903399861654
STATION_28,2024-09-16,28.94,50.07183246053061
STATION_28,2024-09-17,88.07000000000002,50.68106097615561
STATION_28,2024-09-18,41.45,50.720623964436854
STATION_28,2024-09-19,34.75,52.48093432820639
STATION_28,2024-09-20,44.83,50.882652467854825
STATION_28,2024-09-21,41.65999999999999,51.08846606648764
STATION_28,2024-09-22,79.34999999999997,52.63479022420248
STATION_28,2024-09-23,27.71,51.01872043050131
STATION_28,2024-09-24,71.61000000000003,50.62270526326498
STATION_28,2024-09-25,50.44,50.55574969685873
STATION_28,2024-09-26,72.13999999999997,52.003335756429045
STATION_28,2024-09-27,79.64999999999999,50.011550325520844
STATION_28,2024-09-28,49.7,50.46721133626303
STATION_28,2024-09-29,41.7,49.67907885945639
STATION_28,2024-09-30,49.31999999999999,50.896725649007166
STATION_28,2024-10-01,138.09999999999997,139.46280448667466
STATION_28,2024-10-02,106.86,140.52742240659651
STATION_28,2024-10-03,171.05000000000007,139.50614555112776
STATION_28,2024-10-04,144.91999999999993,140.6574517034715
STATION_28,2024-10-05,116.74000000000001,141.2734154485887
STATION_28,2024-10-06,98.64999999999998,141.12701957456528
STATION_28,2024-10-07,93.45000000000002,141.03022392026838
STATION_28,2024-10-08,155.40999999999997,141.98486869565903
STATION_28,2024-10-09,127.61999999999995,142.36905448667466
STATION_28,2024-10-10,130.89999999999995,142.2014397405809
STATION_28,2024-10-11,149.76000000000002,141.53768546811995
STATION_28,2024-10-12,129.68,141.19293754331528
STATION_28,2024-10-13,150.92999999999998,141.06986625425276
STATION_28,2024-10-14,141.90999999999994,140.7845909856981
STATION_28,2024-10-15,138.31999999999994,141.60737235776838
STATION_28,2024-10-16,108.53999999999996,140.9221398138231
STATION_28,2024-10-17,123.61000000000004,141.5931420110887
STATION_28,2024-10-18,152.05,141.74009635679184
STATION_28,2024-10-19,126.36,141.11732108823713
STATION_28,2024-10-20,164.11000000000007,141.5657006048387
STATION_28,2024-10-21,186.93000000000006,140.90558707944808
STATION_28,2024-10-22,153.13,140.88270194761213
STATION_28,2024-10-23,169.85999999999999,140.90497367612778
STATION_28,2024-10-24,154.40999999999994,140.7246117376512
STATION_28,2024-10-25,129.31000000000006,141.4818596624559
STATION_28,2024-10-26,143.99999999999997,140.5079582952684
STATION_28,2024-10-27,180.26999999999992,140.98790214292464
STATION_28,2024-10-28,129.53,140.22159660093246
STATION_28,2024-10-29,119.20999999999995,141.4812035345262
STATION_28,2024-10-30,117.32,141.0708214544481
STATION_28,2024-10-31,135.64999999999998,142.39053580991683
STATION_28,2024-11-01,209.92999999999992,221.04065135904946
STATION_28,2024-11-02,263.4799999999999,220.88406261393226
STATION_28,2024-11-03,234.33000000000007,221.21563304850258
STATION_28,2024-11-04,249.43000000000004,221.52722667643226
STATION_28,2024-11-05,224.02999999999992,221.76376842447914
STATION_28,2024-11-06,207.20000000000005,222.22076305338538
STATION_28,2024-11-07,203.80999999999995,222.65049022623697
STATION_28,2024-11-08,211.8400000000001,222.8290424723307
STATION_28,2024-11-09,236.95,223.43399852701822
STATION_28,2024-11-10,240.4,222.42036632486978
STATION_28,2024-11-11,242.05999999999997,222.68938487955728
STATION_28,2024-11-12,200.2299999999999,222.81627696940103
STATION_28,2024-11-13,229.9900000000001,223.19960521647133
STATION_28,2024-11-14,209.48000000000002,222.93888744303382
STATION_28,2024-11-15,238.0300000000001,222.90665782877602
STATION_28,2024-11-16,239.57999999999998,222.73858226725258
STATION_28,2024-11-17,206.55999999999992,222.61042980143228
STATION_28,2024-11-18,249.35999999999996,222.83164867350257
STATION_28,2024-11-19,276.78,222.9124164957682
STATION_28,2024-11-20,246.70000000000007,221.6195911783854
STATION_28,2024-11-21,226.73999999999998,220.11062206217446
STATION_28,2024-11-22,223.6699999999999,221.44292186686195
STATION_28,2024-11-23,225.82000000000002,222.2002308268229
STATION_28,2024-11-24,214.79,221.88940013834633
STATION_28,2024-11-25,235.04999999999995,221.73126110026038
STATION_28,2024-11-26,207.2299999999999,222.88597911783853
STATION_28,2024-11-27,192.20999999999998,223.132390250651
STATION_28,2024-11-28,234.38999999999993,222.93521923014322
STATION_28,2024-11-29,230.4199999999999,222.7337269205729
STATION_28,2024-11-30,218.57999999999998,222.9516224283854
STATION_28,2024-12-01,204.34999999999997,228.16547702715476
STATION_28,2024-12-02,235.7899999999999,228.20037692949853
STATION_28,2024-12-03,210.19999999999996,228.12613986895164
STATION_28,2024-12-04,227.22000000000008,228.39093479082663
STATION_28,2024-12-05,265.30000000000007,228.06093906328758
STATION_28,2024-12-06,243.01999999999992,227.97404025957664
STATION_28,2024-12-07,202.61999999999992,228.0382645027407
STATION_28,2024-12-08,204.50000000000009,227.8820358650454
STATION_28,2024-12-09,233.0399999999999,227.84183505938134
STATION_28,2024-12-10,202.49000000000004,227.85331577227197
STATION_28,2024-12-11,189.96999999999997,227.82135471270163
STATION_28,2024-12-12,240.64999999999992,228.89565280840478
STATION_28,2024-12-13,236.42000000000004,228.2636032478579
STATION_28,2024-12-14,239.01,228.13432468340477
STATION_28,2024-12-15,235.2600000000001,228.19866794512353
STATION_28,2024-12-16,228.68999999999994,227.90262912676414
STATION_28,2024-12-17,216.75999999999996,227.98143161699852
STATION_28,2024-12-18,240.32000000000005,228.440586890436
STATION_28,2024-12-19,260.6,226.74557651445946
STATION_28,2024-12-20,219.9799999999999,226.96847995684226
STATION_28,2024-12-21,209.59000000000003,226.86996616289696
STATION_28,2024-12-22,207.30000000000004,227.8283981697329
STATION_28,2024-12-23,212.67000000000002,228.03525241777976
STATION_28,2024-12-24,234.05,227.85899509356102
STATION_28,2024-12-25,187.20999999999992,228.06563877031883
STATION_28,2024-12-26,238.77999999999997,228.77418369219384
STATION_28,2024-12-27,242.88,227.59928440020164
STATION_28,2024-12-28,194.0399999999999,228.10914462969384
STATION_28,2024-12-29,210.41999999999996,228.27624668047508
STATION_28,2024-12-30,231.58999999999997,228.18683322832663
STATION_28,2024-12-31,227.13000000000008,227.9096207039126
STATION_29,2024-08-07,60.20999999999999,43.53615468288112
STATION_29,2024-08-08,51.25000000000001,42.65274861598659
STATION_29,2024-08-09,10.000000000000002,43.11750462794948
STATION_29,2024-08-10,83.85,43.726629383808856
STATION_29,2024-08-11,61.679999999999986,45.28239949489284
STATION_29,2024-08-12,32.64999999999999,42.337435658222915
STATION_29,2024-08-13,47.43,40.434349568135026
STATION_29,2024-08-14,25.020000000000003,41.10397160792995
STATION_29,2024-08-15,84.51999999999998,43.6576215102737
STATION_29,2024-08-16,29.849999999999998,45.8783734633987
STATION_29,2024-08-17,37.540000000000006,43.57327016139675
STATION_29,2024-08-18,33.41,44.96333668971706
STATION_29,2024-08-19,49.60999999999999,44.30334599757839
STATION_29,2024-08-20,75.40999999999998,42.192065937763935
STATION_29,2024-08-21,83.79000000000002,42.79413274074245
STATION_29,2024-08-22,40.02,42.18583424831081
STATION_29,2024-08-23,55.56999999999999,43.05381978297878
STATION_29,2024-08-24,49.63999999999999,42.597190602070576
STATION_29,2024-08-25,28.370000000000008,42.10233586574245
STATION_29,2024-08-26,96.45000000000005,41.6937054946487
STATION_29,2024-08-27,75.26,42.752639515644795
STATION_29,2024-08-28,51.779999999999994,42.081696827656515
STATION_29,2024-08-29,79.64,42.31608098292995
STATION_29,2024-08-30,72.23999999999997,42.65656560207057
STATION_29,2024-08-31,49.63999999999999,42.2129079177444
STATION_29,2024-09-01,54.52,47.65967021484375
STATION_29,2024-09-02,78.24,48.27340770263672
STATION_29,2024-09-03,29.08,48.1820327331543
STATION_29,2024-09-04,81.47000000000004,47.71355815429688
STATION_29,2024-09-05,43.50000000000001,48.52063975830078
STATION_29,2024-09-06,78.49000000000001,47.9012466003418
STATION_29,2024-09-07,47.900000000000006,48.401348071289064
STATION_29,2024-09-08,54.74999999999999,48.019607501220705
STATION_29,2024-09-09,47.31000000000001,48.09500728149414
STATION_29,2024-09-10,37.36,46.21090236206055
STATION_29,2024-09-11,42.60000000000001,46.460854296875
STATION_29,2024-09-12,75.57999999999998,45.67230601806641
STATION_29,2024-09-13,10.000000000000002,45.82036967773438
STATION_29,2024-09-14,23.220000000000002,50.33013148803711
STATION_29,2024-09-15,33.49,49.05628581542969
STATION_29,2024-09-16,26.430000000000003,47.93991542358398
STATION_29,2024-09-17,78.19999999999999,49.72361598510742
STATION_29,2024-09-18,73.15000000000002,48.03273616333008
STATION_29,2024-09-19,59.840000000000025,50.85002131958008
STATION_29,2024-09-20,35.24,50.56226039428711
STATION_29,2024-09-21,74.70000000000003,48.92603755493164
STATION_29,2024-09-22,16.239999999999995,48.17618175048828
STATION_29,2024-09-23,90.84000000000003,48.67387614746094
STATION_29,2024-09-24,34.31,48.756729083251955
STATION_29,2024-09-25,42.75999999999999,49.5842299987793
STATION_29,2024-09-26,39.41,47.73466487426758
STATION_29,2024-09-27,26.540000000000003,49.804093127441405
STATION_29,2024-09-28,86.50000000000003,49.07476039428711
STATION_29,2024-09-29,63.77999999999999,48.20495677490234
STATION_29,2024-09-30,72.31000000000003,46.04169993896485
STATION_29,2024-10-01,115.53000000000002,141.2802300828503
STATION_29,2024-10-02,143.61999999999998,139.1642419236706
STATION_29,2024-10-03,150.41999999999993,139.73381589827997
STATION_29,2024-10-04,145.42,139.8802300828503
STATION_29,2024-10-05,116.78999999999996,140.62968076644404
STATION_29,2024-10-06,161.51000000000005,140.7577508348034
STATION_29,2024-10-07,142.43,141.23482908187373
STATION_29,2024-10-08,120.90000000000005,140.74342588363155
STATION_29,2024-10-09,102.88999999999999,140.6649957078503
STATION_29,2024-10-10,152.13000000000005,141.76794065413935
STATION_29,2024-10-11,189.00999999999993,141.37494443831903
STATION_29,2024-10-12,119.69,140.58276914535028
STATION_29,2024-10-13,143.41000000000005,140.03427366195186
STATION_29,2024-10-14,162.20999999999998,138.89098447738155
STATION_29,2024-10-15,114.61,140.6862634080456
STATION_29,2024-10-16,130.40000000000003,141.02120908675653
STATION_29,2024-10-17,122.8,140.09963315902218
STATION_29,2024-10-18,159.69,141.0678796189831
STATION_29,2024-10-19,166.51000000000005,140.73983701644403
STATION_29,2024-10-20,143.17999999999998,140.4475701707409
STATION_29,2024-10-21,123.17,140.33055356917842
STATION_29,2024-10-22,131.14,139.57147764144403
STATION_29,2024-10-23,127.39000000000001,140.55672544417843
STATION_29,2024-10-24,120.44999999999999,140.18489011702997
STATION_29,2024-10-25,137.95999999999995,140.73698972640497
STATION_29,2024-10-26,151.50000000000003,140.27302183089716
STATION_29,2024-10-27,149.81000000000006,140.11627439437373
STATION_29,2024-10-28,139.84,139.62645811019405
STATION_29,2024-10-29,141.14000000000001,139.31472410140498
STATION_29,2024-10-30,138.37000000000003,139.21503843245966
STATION_29,2024-10-31,114.06000000000002,140.2470513719128
STATION_29,2024-11-01,233.19999999999993,220.5803507080078
STATION_29,2024-11-02,218.32999999999998,220.9647684326172
STATION_29,2024-11-03,203.04999999999993,222.1208780517578
STATION_29,2024-11-04,237.41000000000005,222.45019934082032
STATION_29,2024-11-05,217.7700000000001,222.4905252685547
STATION_29,2024-11-06,234.5599999999999,222.58184301757814
STATION_29,2024-11-07,246.94999999999996,222.81253454589844
STATION_29,2024-11-08,210.99999999999997,222.96036474609377
STATION_29,2024-11-09,231.84000000000006,223.00611975097658
STATION_29,2024-11-10,193.79000000000005,223.0648416748047
STATION_29,2024-11-11,260.65000000000003,223.07334997558596
STATION_29,2024-11-12,202.82000000000008,223.1857156982422
STATION_29,2024-11-13,219.70000000000002,223.03834020996095
STATION_29,2024-11-14,256.77,223.0971903076172
STATION_29,2024-11-15,225.3100000000001,222.90515539550782
STATION_29,2024-11-16,206.05,222.79779150390627
STATION_29,2024-11-17,244.2599999999999,222.99719641113282
STATION_29,2024-11-18,243.81000000000006,223.4952860107422
STATION_29,2024-11-19,217.3400000000001,223.07165625000002
STATION_29,2024-11-20,219.5,223.06359960937502
STATION_29,2024-11-21,221.28999999999994,223.1316873779297
STATION_29,2024-11-22,225.85999999999993,223.1464761962891
STATION_29,2024-11-23,192.14000000000004,223.1487528076172
STATION_29,2024-11-24,226.37000000000003,223.31075231933596
STATION_29,2024-11-25,265.68000000000006,223.3112039794922
STATION_29,2024-11-26,212.08,223.44012854003907
STATION_29,2024-11-27,218.32999999999998,223.14095861816406
STATION_29,2024-11-28,206.32999999999996,223.2018991699219
STATION_29,2024-11-29,242.23999999999995,223.1740946044922
STATION_29,2024-11-30,254.0599999999999,222.99509985351563
STATION_29,2024-12-01,253.60999999999993,228.51377850932462
STATION_29,2024-12-02,205.04000000000008,228.48188153666837
STATION_29,2024-12-03,239.99999999999994,228.49721356791838
STATION_29,2024-12-04,258.67999999999995,228.56848431987152
STATION_29,2024-12-05,240.19000000000008,227.99839764994962
STATION_29,2024-12-06,239.57000000000002,228.01136151713712
STATION_29,2024-12-07,220.57000000000002,228.03786603373868
STATION_29,2024-12-08,234.3999999999999,227.99032575053556
STATION_29,2024-12-09,254.72999999999988,228.16347028178558
STATION_29,2024-12-10,236.55999999999997,228.30094586772307
STATION_29,2024-12-11,205.02999999999992,228.46781903666837
STATION_29,2024-12-12,220.88,228.16249371928558
STATION_29,2024-12-13,254.1900000000001,228.21508466166839
STATION_29,2024-12-14,236.48999999999992,228.20258160991057
STATION_29,2024-12-15,232.38,228.1453397886215
STATION_29,2024-12-16,218.92000000000007,228.11371747416837
STATION_29,2024-12-17,253.77000000000004,228.36510297221525
STATION_29,2024-12-18,263.25,228.47735272807464
STATION_29,2024-12-19,255.26,227.771047796434
STATION_29,2024-12-20,258.85,227.99950238627775
STATION_29,2024-12-21,222.82999999999996,227.99205609721525
STATION_29,2024-12-22,219.99999999999991,227.9817381040512
STATION_29,2024-12-23,226.87000000000003,227.72516461772307
STATION_29,2024-12-24,230.7700000000001,228.17252789897307
STATION_29,2024-12-25,258.62,228.47706891459808
STATION_29,2024-12-26,253.32000000000002,228.1372831479965
STATION_29,2024-12-27,240.7699999999999,227.68753644389494
STATION_29,2024-12-28,201.37999999999994,227.3865720884262
STATION_29,2024-12-29,196.24,228.2389219419418
STATION_29,2024-12-30,234.81000000000006,228.31876813334807
STATION_29,2024-12-31,247.60999999999999,228.15002728862152
STATION_30,2024-08-07,41.53,43.16023627245104
STATION_30,2024-08-08,61.68999999999997,45.50443297350084
STATION_30,2024-08-09,22.800000000000004,46.58262358629381
STATION_30,2024-08-10,35.849999999999994,45.13886595689928
STATION_30,2024-08-11,36.150000000000006,44.601204213735215
STATION_30,2024-08-12,66.83,45.82884169542467
STATION_30,2024-08-13,58.57,44.85424147569811
STATION_30,2024-08-14,66.07000000000001,44.66191130602037
STATION_30,2024-08-15,74.76999999999998,44.84218092882311
STATION_30,2024-08-16,41.88999999999999,43.159404286977406
STATION_30,2024-08-17,24.25,43.685163411733264
STATION_30,2024-08-18,24.38,43.65388823473131
STATION_30,2024-08-19,11.240000000000002,46.35227309190905
STATION_30,2024-08-20,38.82000000000001,46.63777953111803
STATION_30,2024-08-21,40.32000000000001,49.06582442247545
STATION_30,2024-08-22,63.750000000000014,49.72621565782701
STATION_30,2024-08-23,48.34,48.2994921776024
STATION_30,2024-08-24,38.19,47.95895567857897
STATION_30,2024-08-25,45.68000000000001,44.0174479576317
STATION_30,2024-08-26,27.220000000000002,46.82434340440905
STATION_30,2024-08-27,68.51,45.36261855089342
STATION_30,2024-08-28,32.279999999999994,47.28530684435045
STATION_30,2024-08-29,25.2,45.51908751451647
STATION_30,2024-08-30,64.36,43.27994147264635
STATION_30,2024-08-31,59.48000000000001,46.65596495592272
STATION_30,2024-09-01,13.530000000000001,47.05246952921549
STATION_30,2024-09-02,65.10000000000002,45.15342396647135
STATION_30,2024-09-03,33.17,46.11741017252604
STATION_30,2024-09-04,40.52,44.85492466837565
STATION_30,2024-09-05,51.74000000000001,44.73743504435221
STATION_30,2024-09-06,59.730000000000004,45.06745823771159
STATION_30,2024-09-07,56.90999999999999,45.7997237101237
STATION_30,2024-09-08,47.00000000000001,44.86865452677409
STATION_30,2024-09-09,39.51,45.70683583170573
STATION_30,2024-09-10,56.24000000000002,44.535089005533855
STATION_30,2024-09-11,45.629999999999995,44.37979420572917
STATION_30,2024-09-12,84.10999999999999,44.03024510294596
STATION_30,2024-09-13,59.730000000000004,44.50387715250651
STATION_30,2024-09-14,29.53,45.26593922526042
STATION_30,2024-09-15,38.45000000000001,45.794830979410804
STATION_30,2024-09-16,48.96000000000001,44.651459397379554
STATION_30,2024-09-17,73.98999999999997,46.37679280192057
STATION_30,2024-09-18,76.22000000000003,44.639652909342445
STATION_30,2024-09-19,40.07999999999999,45.8340384379069
STATION_30,2024-09-20,29.330000000000002,45.19551838785807
STATION_30,2024-09-21,26.77,45.48118428141276
STATION_30,2024-09-22,53.05,47.222441758219404
STATION_30,2024-09-23,94.08,47.30461567789713
STATION_30,2024-09-24,58.78,47.17044667154948
STATION_30,2024-09-25,16.12,46.25355976969401
STATION_30,2024-09-26,33.48,45.27584523111979
STATION_30,2024-09-27,35.52000000000001,45.85931385904948
STATION_30,2024-09-28,31.559999999999995,46.0413138285319
STATION_30,2024-09-29,40.24,47.55879124552409
STATION_30,2024-09-30,55.38999999999998,45.5432181254069
STATION_30,2024-10-01,153.64,139.07833320863784
STATION_30,2024-10-02,161.84000000000006,139.18234321840347
STATION_30,2024-10-03,150.48000000000005,140.37869026430192
STATION_30,2024-10-04,100.91999999999997,141.01754524477067
STATION_30,2024-10-05,118.85,141.36089546449722
STATION_30,2024-10-06,136.83999999999997,140.3162604547316
STATION_30,2024-10-07,142.95,141.29564888246597
STATION_30,2024-10-08,157.23000000000002,141.9965583062941
STATION_30,2024-10-09,140.86,142.0542182184035
STATION_30,2024-10-10,141.00999999999996,141.96075508363785
STATION_30,2024-10-11,144.75999999999996,141.74424812563004
STATION_30,2024-10-12,134.90000000000006,141.27269966371597
STATION_30,2024-10-13,141.73999999999998,138.1054480768019
STATION_30,2024-10-14,162.52,138.50680153139177
STATION_30,2024-10-15,138.31999999999994,141.22659981020036
STATION_30,2024-10-16,139.40000000000006,140.71192695863786
STATION_30,2024-10-17,139.33000000000004,140.7095954156691
STATION_30,2024-10-18,165.95999999999995,140.50336067445818
STATION_30,2024-10-19,117.83999999999996,140.71060249574722
STATION_30,2024-10-20,175.5200000000001,141.70823433168474
STATION_30,2024-10-21,116.47,140.56277839906755
STATION_30,2024-10-22,126.91999999999999,141.93879158266128
STATION_30,2024-10-23,154.89000000000004,141.1241431451613
STATION_30,2024-10-24,160.61,141.37884285219255
STATION_30,2024-10-25,111.93000000000002,141.57841865785662
STATION_30,2024-10-26,118.15000000000002,140.2970923639113
STATION_30,2024-10-27,145.56000000000006,141.0816413141066
STATION_30,2024-10-28,186.89,141.19608528383316
STATION_30,2024-10-29,164.93000000000006,141.11172249086442
STATION_30,2024-10-30,135.04000000000005,140.48199836977068
STATION_30,2024-10-31,91.62000000000003,141.09374153383317
STATION_30,2024-11-01,231.6299999999999,230.7144930094401
STATION_30,2024-11-02,237.25000000000009,226.5643495768229
STATION_30,2024-11-03,222.35000000000008,231.17588827311198
STATION_30,2024-11-04,212.99000000000004,230.91641561686197
STATION_30,2024-11-05,233.17999999999998,231.17827779947916
STATION_30,2024-11-06,211.1500000000001,231.25413534342448
STATION_30,2024-11-07,267.44999999999993,229.2425722330729
STATION_30,2024-11-08,260.32999999999987,231.43960592447917
STATION_30,2024-11-09,243.15999999999997,231.0279939860026
STATION_30,2024-11-10,231.79000000000005,231.07465841471355
STATION_30,2024-11-11,216.79999999999998,230.90842916666668
STATION_30,2024-11-12,229.57999999999998,231.1749391764323
STATION_30,2024-11-13,262.79,231.33826315104167
STATION_30,2024-11-14,247.36999999999995,230.97933065592449
STATION_30,2024-11-15,234.06999999999996,231.32456991373698
STATION_30,2024-11-16,248.4800000000001,230.9468935221354
STATION_30,2024-11-17,240.9100000000001,230.82319051920572
STATION_30,2024-11-18,237.93000000000006,230.8944002360026
STATION_30,2024-11-19,249.61000000000004,230.57221700846355
STATION_30,2024-11-20,240.3400000000001,231.24576131998697
STATION_30,2024-11-21,247.17000000000007,229.73775350748699
STATION_30,2024-11-22,233.23000000000005,230.4736940592448
STATION_30,2024-11-23,224.91999999999996,230.56450826822916
STATION_30,2024-11-24,219.0399999999999,230.44971334635417
STATION_30,2024-11-25,216.65,230.82156698404947
STATION_30,2024-11-26,197.9,231.51860677897136
STATION_30,2024-11-27,211.75999999999996,231.38692953287762
STATION_30,2024-11-28,211.17999999999998,231.5093385904948
STATION_30,2024-11-29,219.85000000000008,231.4608797281901
STATION_30,2024-11-30,261.24,230.99164449869792
STATION_30,2024-12-01,226.85000000000008,228.5317277280746
STATION_30,2024-12-02,234.83999999999995,228.57907269877774
STATION_30,2024-12-03,235.46999999999994,228.6522569028793
STATION_30,2024-12-04,261.75000000000006,228.6856370298324
STATION_30,2024-12-05,218.4900000000001,228.2684434263168
STATION_30,2024-12-06,225.54999999999993,228.2564591733871
STATION_30,2024-12-07,227.8799999999999,228.58654950541836
STATION_30,2024-12-08,252.73000000000002,228.3228440610824
STATION_30,2024-12-09,256.88,228.0180528013168
STATION_30,2024-12-10,239.49000000000007,228.20085919780115
STATION_30,2024-12-11,254.66000000000005,228.6322709409652
STATION_30,2024-12-12,233.54999999999993,228.25789349955897
STATION_30,2024-12-13,226.54999999999993,228.46630414409023
STATION_30,2024-12-14,253.56999999999994,228.5672257749496
STATION_30,2024-12-15,239.75,228.3405412046371
STATION_30,2024-12-16,215.29,228.20025189799648
STATION_30,2024-12-17,249.9499999999999,228.0596604673324
STATION_30,2024-12-18,225.83000000000007,228.22694867534022
STATION_30,2024-12-19,223.37999999999997,228.2670335142074
STATION_30,2024-12-20,247.86000000000004,228.25007794780117
STATION_30,2024-12-21,228.22,228.3468919126449
STATION_30,2024-12-22,237.78000000000003,228.78094037455898
STATION_30,2024-12-23,243.24000000000007,229.07590497416834
STATION_30,2024-12-24,214.34000000000006,228.05010846537928
STATION_30,2024-12-25,237.70000000000002,228.735139593309
STATION_30,2024-12-26,256.99,228.4700333921371
STATION_30,2024-12-27,210.86999999999995,228.20289777201992
STATION_30,2024-12-28,238.99999999999997,228.60548871440272
STATION_30,2024-12-29,213.40999999999994,228.12300885600428
STATION_30,2024-12-30,250.42999999999992,228.48589032573085
STATION_30,2024-12-31,250.24000000000004,228.5145646421371
STATION_31,2024-08-07,58.93000000000001,44.2718489181931
STATION_31,2024-08-08,25.960000000000004,45.62268738865208
STATION_31,2024-08-09,55.169999999999995,46.638457347148176
STATION_31,2024-08-10,48.68999999999999,44.795954753154035
STATION_31,2024-08-11,41.93,44.346788645976304
STATION_31,2024-08-12,71.45000000000003,44.6569448959763
STATION_31,2024-08-13,29.930000000000003,44.56757569431615
STATION_31,2024-08-14,53.50000000000001,45.49026017307591
STATION_31,2024-08-15,77.08999999999999,43.39969468235326
STATION_31,2024-08-16,33.87,43.625667430155985
STATION_31,2024-08-17,42.06,46.06351761936497
STATION_31,2024-08-18,94.90999999999997,45.05319581150364
STATION_31,2024-08-19,57.489999999999995,44.34037385105442
STATION_31,2024-08-20,37.88,45.433521128886454
STATION_31,2024-08-21,64.05000000000001,45.86963639377903
STATION_31,2024-08-22,36.63999999999999,44.725879527323954
STATION_31,2024-08-23,16.7,45.53775467991185
STATION_31,2024-08-24,75.45000000000003,47.998618937724345
STATION_31,2024-08-25,25.940000000000005,46.255383921855206
STATION_31,2024-08-26,97.03000000000002,45.87154755710911
STATION_31,2024-08-27,38.21,47.208132029765366
STATION_31,2024-08-28,90.67000000000003,47.95975403904271
STATION_31,2024-08-29,20.630000000000003,44.02966065525364
STATION_31,2024-08-30,68.51,47.03960557102513
STATION_31,2024-08-31,57.98999999999999,46.33635621189427
STATION_31,2024-09-01,64.75,43.08026754353842
STATION_31,2024-09-02,67.36000000000003,39.21180517171224
STATION_31,2024-09-03,38.05,40.045925349934905
STATION_31,2024-09-04,21.819999999999997,40.3728525349935
STATION_31,2024-09-05,46.980000000000004,41.182000179036464
STATION_31,2024-09-06,52.46,41.074559993489586
STATION_31,2024-09-07,38.56,39.98313123677572
STATION_31,2024-09-08,53.55,41.0118433186849
STATION_31,2024-09-09,54.58999999999998,41.76461660359701
STATION_31,2024-09-10,29.800000000000008,41.888709468587244
STATION_31,2024-09-11,55.899999999999984,38.93702146504721
STATION_31,2024-09-12,42.65999999999999,39.89253446553549
STATION_31,2024-09-13,33.99999999999999,40.47015783284506
STATION_31,2024-09-14,63.750000000000014,42.41781026814779
STATION_31,2024-09-15,32.46000000000001,41.68051168416342
STATION_31,2024-09-16,38.86999999999999,38.587460918172205
STATION_31,2024-09-17,49.43999999999998,40.11836034749349
STATION_31,2024-09-18,75.49000000000002,40.48252355550131
STATION_31,2024-09-19,51.85999999999999,41.67861272786459
STATION_31,2024-09-20,58.57,40.864679164632165
STATION_31,2024-09-21,42.05,39.52726041768393
STATION_31,2024-09-22,46.42999999999999,41.955672664388025
STATION_31,2024-09-23,47.02000000000001,40.518223781331386
STATION_31,2024-09-24,53.87000000000001,41.359027309163416
STATION_31,2024-09-25,42.07999999999999,40.160372752889
STATION_31,2024-09-26,74.79999999999998,40.551487941487636
STATION_31,2024-09-27,40.53999999999999,40.67298147176108
STATION_31,2024-09-28,13.860000000000001,41.150259608968106
STATION_31,2024-09-29,102.85999999999996,39.31955854390463
STATION_31,2024-09-30,41.45,41.46069738362631
STATION_31,2024-10-01,166.26000000000005,139.47025979712703
STATION_31,2024-10-02,168.10000000000005,141.93964761450982
STATION_31,2024-10-03,158.89999999999998,137.652893769295
STATION_31,2024-10-04,136.03999999999994,140.6133017893145
STATION_31,2024-10-05,145.73000000000005,138.51093972876765
STATION_31,2024-10-06,114.50999999999996,140.49359964087702
STATION_31,2024-10-07,179.80000000000007,141.30728372290827
STATION_31,2024-10-08,122.96000000000001,141.33323587134578
STATION_31,2024-10-09,134.92000000000004,141.56983255103327
STATION_31,2024-10-10,141.97999999999993,140.87896035865046
STATION_31,2024-10-11,137.84999999999994,141.25493386939263
STATION_31,2024-10-12,126.85999999999999,140.86869729712703
STATION_31,2024-10-13,167.89000000000001,139.9498954172442
STATION_31,2024-10-14,159.00999999999993,140.54448770240046
STATION_31,2024-10-15,146.43999999999994,140.11536782935357
STATION_31,2024-10-16,132.00999999999993,139.6490622873614
STATION_31,2024-10-17,161.29000000000005,139.93438333228326
STATION_31,2024-10-18,130.71,140.2455985422442
STATION_31,2024-10-19,171.40999999999994,140.15710366919734
STATION_31,2024-10-20,142.22000000000003,140.09028543189265
STATION_31,2024-10-21,164.59999999999997,140.4365165109942
STATION_31,2024-10-22,137.72000000000006,139.98756021216607
STATION_31,2024-10-23,141.43,140.49907754615046
STATION_31,2024-10-24,164.50999999999996,140.14020608618952
STATION_31,2024-10-25,183.88,140.3736503000567
STATION_31,2024-10-26,171.21000000000006,140.2756522531817
STATION_31,2024-10-27,157.54,139.8720359201739
STATION_31,2024-10-28,151.79,139.74293130591607
STATION_31,2024-10-29,129.86,138.8307486887286
STATION_31,2024-10-30,145.90000000000006,139.70263894751764
STATION_31,2024-10-31,121.74000000000002,139.69119180396297
STATION_31,2024-11-01,237.52,221.198825
STATION_31,2024-11-02,238.79999999999993,219.78713371582032
STATION_31,2024-11-03,190.78000000000003,220.44712211914063
STATION_31,2024-11-04,230.7700000000001,220.96256401367188
STATION_31,2024-11-05,238.30000000000007,221.0179412109375
STATION_31,2024-11-06,228.3300000000001,221.25720207519532
STATION_31,2024-11-07,237.15999999999994,221.34638359375
STATION_31,2024-11-08,203.16999999999993,221.54423210449218
STATION_31,2024-11-09,214.47999999999996,221.49479362792968
STATION_31,2024-11-10,250.69999999999996,221.50440971679689
STATION_31,2024-11-11,230.00999999999993,221.27741081542968
STATION_31,2024-11-12,236.79999999999993,221.45537712402344
STATION_31,2024-11-13,219.07000000000005,221.55885307617189
STATION_31,2024-11-14,230.38999999999996,221.60508720703126
STATION_31,2024-11-15,183.96000000000004,221.76151420898438
STATION_31,2024-11-16,246.92000000000004,221.76409904785157
STATION_31,2024-11-17,266.1599999999999,221.56514580078124
STATION_31,2024-11-18,208.7,221.01997673339844
STATION_31,2024-11-19,211.18999999999994,221.64964287109376
STATION_31,2024-11-20,238.8200000000001,221.6192382080078
STATION_31,2024-11-21,259.4799999999999,221.22759392089844
STATION_31,2024-11-22,229.95999999999992,221.60472404785156
STATION_31,2024-11-23,205.41,221.6796630126953
STATION_31,2024-11-24,225.83000000000007,221.7145232421875
STATION_31,2024-11-25,209.40000000000003,221.71439506835938
STATION_31,2024-11-26,216.62000000000003,221.67401420898437
STATION_31,2024-11-27,223.92000000000007,222.01497185058594
STATION_31,2024-11-28,211.40999999999997,222.29595939941407
STATION_31,2024-11-29,214.4399999999999,222.4323943359375
STATION_31,2024-11-30,231.49000000000004,221.67925712890624
STATION_31,2024-12-01,234.29999999999993,224.07342426915324
STATION_31,2024-12-02,201.52000000000004,223.96617024083292
STATION_31,2024-12-03,237.93000000000006,224.16524555821573
STATION_31,2024-12-04,222.35999999999999,224.2495167984501
STATION_31,2024-12-05,244.4099999999999,224.14452107091103
STATION_31,2024-12-06,245.61000000000007,224.15467732091105
STATION_31,2024-12-07,219.10999999999993,223.84105122227822
STATION_31,2024-12-08,242.28000000000006,223.8797658218876
STATION_31,2024-12-09,213.25999999999996,223.85368855137978
STATION_31,2024-12-10,256.48000000000013,224.03587238927042
STATION_31,2024-12-11,214.01999999999998,223.82603962559853
STATION_31,2024-12-12,237.05000000000007,223.62035725255166
STATION_31,2024-12-13,226.24999999999994,223.8219289078251
STATION_31,2024-12-14,209.66,223.96275532384072
STATION_31,2024-12-15,248.01999999999992,223.88615620274697
STATION_31,2024-12-16,217.72000000000008,223.85373127598916
STATION_31,2024-12-17,196.0,224.204955030872
STATION_31,2024-12-18,172.35999999999999,224.16380207677042
STATION_31,2024-12-19,212.50000000000003,223.77924091954384
STATION_31,2024-12-20,257.52000000000004,223.95629170079386
STATION_31,2024-12-21,255.15000000000003,224.11818134923135
STATION_31,2024-12-22,215.63000000000005,223.92819416661416
STATION_31,2024-12-23,222.50999999999996,224.20115559239542
STATION_31,2024-12-24,220.69999999999996,223.6559407486454
STATION_31,2024-12-25,203.32999999999998,224.14079182286417
STATION_31,2024-12-26,211.01999999999992,224.14048969884072
STATION_31,2024-12-27,249.62000000000006,223.9089711441532
STATION_31,2024-12-28,240.0799999999999,224.03587238927042
STATION_31,2024-12-29,235.46000000000006,224.11072590489542
STATION_31,2024-12-30,203.29999999999995,224.03527119298136
STATION_31,2024-12-31,232.01000000000008,224.02404377598916
STATION_32,2024-08-07,45.56000000000001,50.794077488254864
STATION_32,2024-08-08,45.78000000000001,50.395090671848614
STATION_32,2024-08-09,41.7,49.230635258030254
STATION_32,2024-08-10,55.70000000000002,50.42943362839158
STATION_32,2024-08-11,27.859999999999996,50.03087100632127
STATION_32,2024-08-12,30.329999999999995,50.401542087864236
STATION_32,2024-08-13,56.75999999999997,46.38585147507127
STATION_32,2024-08-14,74.84000000000002,50.421536442112284
STATION_32,2024-08-15,47.54,50.9035348857158
STATION_32,2024-08-16,58.06999999999999,49.99657916672166
STATION_32,2024-08-17,63.16000000000001,50.15097751266892
STATION_32,2024-08-18,64.61000000000001,50.03935794479783
STATION_32,2024-08-19,28.93,48.493252750706034
STATION_32,2024-08-20,32.46000000000001,48.89024600632127
STATION_32,2024-08-21,34.199999999999996,48.63877429611619
STATION_32,2024-08-22,86.57000000000001,50.085302158665016
STATION_32,2024-08-23,58.15999999999999,50.23948306686815
STATION_32,2024-08-24,57.270000000000024,50.01372241623338
STATION_32,2024-08-25,55.31999999999998,49.874434849094705
STATION_32,2024-08-26,21.579999999999995,51.35449466354783
STATION_32,2024-08-27,86.76000000000003,50.862400242161115
STATION_32,2024-08-28,57.57999999999998,50.46671466476853
STATION_32,2024-08-29,62.45999999999999,49.97817172653611
STATION_32,2024-08-30,12.689999999999998,49.889134403538065
STATION_32,2024-08-31,63.59000000000002,50.9707223857158
STATION_32,2024-09-01,40.879999999999995,49.06574608357748
STATION_32,2024-09-02,21.54,47.83843971761068
STATION_32,2024-09-03,28.920000000000005,49.22775017293295
STATION_32,2024-09-04,22.700000000000003,49.022529378255214
STATION_32,2024-09-05,22.359999999999996,51.60459801228842
STATION_32,2024-09-06,49.209999999999994,48.95839516194662
STATION_32,2024-09-07,40.26,50.225662770589196
STATION_32,2024-09-08,54.68000000000001,49.527795949300135
STATION_32,2024-09-09,81.51999999999997,48.23771111043295
STATION_32,2024-09-10,45.410000000000004,47.880325093587246
STATION_32,2024-09-11,10.000000000000002,48.57474419148764
STATION_32,2024-09-12,43.16,48.130037465413416
STATION_32,2024-09-13,71.87,48.66247993977865
STATION_32,2024-09-14,46.28000000000001,46.2623456624349
STATION_32,2024-09-15,78.59,48.62082802327475
STATION_32,2024-09-16,57.06,47.62093102010092
STATION_32,2024-09-17,11.23,49.87633949788412
STATION_32,2024-09-18,50.19,48.84249855550131
STATION_32,2024-09-19,53.94000000000002,47.897912373860684
STATION_32,2024-09-20,69.61000000000001,46.63191048177084
STATION_32,2024-09-21,84.39000000000001,49.40912453206381
STATION_32,2024-09-22,66.14999999999999,48.12088295491537
STATION_32,2024-09-23,56.809999999999995,48.126880421956386
STATION_32,2024-09-24,61.52,49.00186897786459
STATION_32,2024-09-25,44.63999999999999,47.45906425984701
STATION_32,2024-09-26,18.74,46.66285988362631
STATION_32,2024-09-27,48.83,49.12056328328451
STATION_32,2024-09-28,55.30999999999998,47.789383473714196
STATION_32,2024-09-29,23.929999999999996,47.192223897298184
STATION_32,2024-09-30,74.52999999999997,47.966177144368494
STATION_32,2024-10-01,160.11000000000007,135.46429253165957
STATION_32,2024-10-02,112.56000000000002,131.53762627189394
STATION_32,2024-10-03,167.32000000000005,135.511664968183
STATION_32,2024-10-04,133.83,132.94737053458925
STATION_32,2024-10-05,124.43000000000006,134.784711843183
STATION_32,2024-10-06,161.58999999999997,135.45105095451112
STATION_32,2024-10-07,138.98,135.37737846915957
STATION_32,2024-10-08,177.98000000000005,135.36002312247987
STATION_32,2024-10-09,122.94,134.56677361076112
STATION_32,2024-10-10,105.37000000000005,135.46683159415954
STATION_32,2024-10-11,134.39,134.62829704826112
STATION_32,2024-10-12,155.78000000000006,135.3859355980658
STATION_32,2024-10-13,121.46000000000001,134.6426952416205
STATION_32,2024-10-14,113.39999999999996,134.84112053458924
STATION_32,2024-10-15,144.57999999999998,135.16392632072206
STATION_32,2024-10-16,110.72999999999999,134.5170818383002
STATION_32,2024-10-17,146.13000000000002,134.98639030997987
STATION_32,2024-10-18,133.18999999999997,134.7621990258002
STATION_32,2024-10-19,149.88999999999993,134.61399956290956
STATION_32,2024-10-20,112.31999999999998,134.60030022208923
STATION_32,2024-10-21,165.95999999999995,134.97186089103457
STATION_32,2024-10-22,136.34000000000003,134.557416921308
STATION_32,2024-10-23,155.26999999999995,134.788911061933
STATION_32,2024-10-24,159.20000000000005,134.6701152855658
STATION_32,2024-10-25,116.85000000000001,134.66267204826113
STATION_32,2024-10-26,157.64999999999998,134.66108513419863
STATION_32,2024-10-27,111.49999999999999,133.74690361564393
STATION_32,2024-10-28,112.60000000000002,134.50538139884705
STATION_32,2024-10-29,179.28000000000003,134.32254448478454
STATION_32,2024-10-30,162.23999999999995,133.36734428947204
STATION_32,2024-10-31,181.46999999999997,134.68807488029236
STATION_32,2024-11-01,222.6,230.7124940673828
STATION_32,2024-11-02,232.04999999999998,232.63682573242187
STATION_32,2024-11-03,240.54999999999995,231.9530702392578
STATION_32,2024-11-04,229.76000000000005,232.30226762695312
STATION_32,2024-11-05,215.08,232.65112932128906
STATION_32,2024-11-06,212.08,233.10013750000002
STATION_32,2024-11-07,234.28000000000006,233.19383256835937
STATION_32,2024-11-08,208.66000000000008,232.4174684326172
STATION_32,2024-11-09,208.10000000000008,232.95190751953126
STATION_32,2024-11-10,237.8700000000001,233.00732133789063
STATION_32,2024-11-11,228.10000000000008,232.72771013183595
STATION_32,2024-11-12,248.7400000000001,232.7888856689453
STATION_32,2024-11-13,221.49999999999997,232.7002595703125
STATION_32,2024-11-14,218.37000000000006,232.68229997558595
STATION_32,2024-11-15,238.4699999999999,232.72915361328126
STATION_32,2024-11-16,213.75999999999993,232.5942750732422
STATION_32,2024-11-17,216.8400000000001,232.87386796875
STATION_32,2024-11-18,217.63000000000008,232.86858842773438
STATION_32,2024-11-19,225.81000000000003,233.16404436035157
STATION_32,2024-11-20,265.45000000000005,233.12630021972657
STATION_32,2024-11-21,202.46000000000006,232.36592729492187
STATION_32,2024-11-22,255.9099999999999,232.71908891601564
STATION_32,2024-11-23,244.76000000000002,232.43539140625
STATION_32,2024-11-24,261.3399999999999,232.54240434570312
STATION_32,2024-11-25,292.72999999999996,232.14115312500002
STATION_32,2024-11-26,258.6299999999999,232.3578798095703
STATION_32,2024-11-27,248.51000000000005,232.38757646484376
STATION_32,2024-11-28,203.75000000000003,232.32866533203125
STATION_32,2024-11-29,206.27999999999994,232.01902788085937
STATION_32,2024-11-30,237.1999999999999,232.87471635742187
STATION_32,2024-12-01,196.03999999999994,228.72327896610383
STATION_32,2024-12-02,242.30999999999995,228.7900209094632
STATION_32,2024-12-03,187.29999999999998,228.67125870243197
STATION_32,2024-12-04,253.03999999999988,229.16522842899445
STATION_32,2024-12-05,223.5699999999999,228.8626985217679
STATION_32,2024-12-06,232.52999999999997,228.98353287235383
STATION_32,2024-12-07,215.02999999999992,228.80320755497104
STATION_32,2024-12-08,192.03000000000006,229.0222627307523
STATION_32,2024-12-09,254.68999999999988,228.8568360950101
STATION_32,2024-12-10,256.7100000000001,228.90494705692416
STATION_32,2024-12-11,222.97000000000003,228.69061905399445
STATION_32,2024-12-12,243.24000000000007,228.91792618290071
STATION_32,2024-12-13,222.1800000000001,228.85664078251008
STATION_32,2024-12-14,235.76999999999992,228.5787843371976
STATION_32,2024-12-15,245.1799999999999,229.21252151981477
STATION_32,2024-12-16,241.10000000000008,228.64325272098665
STATION_32,2024-12-17,256.81999999999994,228.93169571415072
STATION_32,2024-12-18,240.38000000000002,228.99952713504916
STATION_32,2024-12-19,230.55999999999995,228.61498428836947
STATION_32,2024-12-20,214.76999999999998,228.74066177860385
STATION_32,2024-12-21,220.43000000000006,229.09502579227572
STATION_32,2024-12-22,246.1999999999999,228.7123323108304
STATION_32,2024-12-23,199.95999999999995,228.47638565555695
STATION_32,2024-12-24,252.1200000000001,228.62562576786166
STATION_32,2024-12-25,224.38,229.06210037723665
STATION_32,2024-12-26,213.63000000000008,229.03326431766635
STATION_32,2024-12-27,208.02999999999992,228.8944581653226
STATION_32,2024-12-28,243.49000000000007,229.07969986454134
STATION_32,2024-12-29,229.71000000000004,228.81130081668977
STATION_32,2024-12-30,261.77999999999986,229.12545792118198
STATION_32,2024-12-31,204.73999999999998,228.62294022098666
STATION_33,2024-08-07,49.56,48.19861639651737
STATION_33,2024-08-08,70.04999999999998,47.72546499881229
STATION_33,2024-08-09,83.87000000000003,47.60532034549198
STATION_33,2024-08-10,43.17000000000001,48.89708288821659
STATION_33,2024-08-11,60.89999999999999,47.323553072542765
STATION_33,2024-08-12,35.25,47.53152197513065
STATION_33,2024-08-13,27.339999999999996,47.407165133089634
STATION_33,2024-08-14,44.089999999999996,48.11186178836307
STATION_33,2024-08-15,20.749999999999996,48.34607733401737
STATION_33,2024-08-16,29.250000000000004,48.83241537723026
STATION_33,2024-08-17,59.82999999999999,49.603705965609166
STATION_33,2024-08-18,37.73,49.18392599734745
STATION_33,2024-08-19,62.20999999999998,49.83592489871464
STATION_33,2024-08-20,53.98999999999998,48.43095587405644
STATION_33,2024-08-21,85.01999999999998,50.71718557986698
STATION_33,2024-08-22,58.48999999999999,48.21806982669315
STATION_33,2024-08-23,70.28000000000003,47.08097036990604
STATION_33,2024-08-24,56.03999999999999,48.19841345462284
STATION_33,2024-08-25,54.23000000000001,46.619671999544714
STATION_33,2024-08-26,71.28999999999999,48.46450308474979
STATION_33,2024-08-27,61.37999999999998,48.92836950931034
STATION_33,2024-08-28,52.199999999999996,48.1611240259119
STATION_33,2024-08-29,52.11000000000001,48.27065924319706
STATION_33,2024-08-30,58.75999999999999,48.35956076297245
STATION_33,2024-08-31,34.57000000000001,47.39149664554081
STATION_33,2024-09-01,33.720000000000006,47.93916326700847
STATION_33,2024-09-02,76.51000000000002,48.83467260538737
STATION_33,2024-09-03,85.29000000000003,49.16724249064128
STATION_33,2024-09-04,29.419999999999995,48.61439443766276
STATION_33,2024-09-05,34.61999999999999,48.58937994181315
STATION_33,2024-09-06,70.84999999999998,49.51079794108073
STATION_33,2024-09-07,58.67000000000001,49.68214269816081
STATION_33,2024-09-08,61.529999999999994,47.18506475626628
STATION_33,2024-09-09,65.92999999999999,49.22853780924479
STATION_33,2024-09-10,43.19,48.42589880167643
STATION_33,2024-09-11,54.59999999999998,47.09306112467448
STATION_33,2024-09-12,53.04,46.5707512491862
STATION_33,2024-09-13,30.830000000000002,47.56684957682292
STATION_33,2024-09-14,54.3,48.54632803141276
STATION_33,2024-09-15,72.75000000000001,48.33000341593424
STATION_33,2024-09-16,41.31999999999999,48.03416448771159
STATION_33,2024-09-17,51.050000000000004,48.91503530680339
STATION_33,2024-09-18,52.13000000000001,47.1349732035319
STATION_33,2024-09-19,42.31000000000001,49.44572607218424
STATION_33,2024-09-20,61.53999999999998,49.19968420206706
STATION_33,2024-09-21,34.4,48.59993444620768
STATION_33,2024-09-22,74.65000000000003,48.698819028727215
STATION_33,2024-09-23,60.52000000000002,48.257962858072915
STATION_33,2024-09-24,29.259999999999998,48.39805380045573
STATION_33,2024-09-25,81.96000000000001,48.58600240885417
STATION_33,2024-09-26,51.36000000000001,47.32059866129558
STATION_33,2024-09-27,33.53999999999999,49.25996557413737
STATION_33,2024-09-28,70.09,49.50602346598308
STATION_33,2024-09-29,57.890000000000015,48.7917358988444
STATION_33,2024-09-30,12.559999999999999,47.91643148600261
STATION_33,2024-10-01,129.48999999999998,137.32170389679942
STATION_33,2024-10-02,145.57999999999998,140.4734830716041
STATION_33,2024-10-03,96.80999999999999,136.8082486966041
STATION_33,2024-10-04,141.7,138.77879007844004
STATION_33,2024-10-05,143.15999999999997,138.58258951691658
STATION_33,2024-10-06,116.32999999999996,138.84662149933848
STATION_33,2024-10-07,145.41,140.7200162747291
STATION_33,2024-10-08,140.14999999999995,139.87199991730722
STATION_33,2024-10-09,116.17000000000002,140.10565165070565
STATION_33,2024-10-10,158.38999999999993,140.10582865265877
STATION_33,2024-10-11,156.75999999999996,140.01329325226817
STATION_33,2024-10-12,134.21000000000004,139.60052164582285
STATION_33,2024-10-13,136.02999999999994,138.26640909699472
STATION_33,2024-10-14,154.52999999999994,138.9802671292213
STATION_33,2024-10-15,135.99000000000007,139.52308329133066
STATION_33,2024-10-16,101.38000000000001,139.33185404328378
STATION_33,2024-10-17,149.74000000000007,139.53345011261973
STATION_33,2024-10-18,123.72999999999999,139.78070047883065
STATION_33,2024-10-19,132.20000000000002,139.7134763577369
STATION_33,2024-10-20,169.16000000000003,139.1648923733619
STATION_33,2024-10-21,137.32000000000002,139.98102091340098
STATION_33,2024-10-22,140.03000000000003,139.53850382355722
STATION_33,2024-10-23,150.19,139.20733927277598
STATION_33,2024-10-24,150.11,139.3201658108619
STATION_33,2024-10-25,121.61999999999999,139.10025919465096
STATION_33,2024-10-26,138.78999999999996,138.19707621125252
STATION_33,2024-10-27,140.72,138.46620157746347
STATION_33,2024-10-28,145.44000000000003,138.1360807278541
STATION_33,2024-10-29,145.77999999999997,137.89970987824472
STATION_33,2024-10-30,191.75000000000009,138.71088846711191
STATION_33,2024-10-31,116.48,139.28832071808847
STATION_33,2024-11-01,249.6,229.7973624186198
STATION_33,2024-11-02,253.67000000000007,228.4530997233073
STATION_33,2024-11-03,239.8600000000001,230.23382787272138
STATION_33,2024-11-04,216.98999999999998,229.98269567057292
STATION_33,2024-11-05,263.2900000000001,230.47084874674482
STATION_33,2024-11-06,186.16000000000005,230.71431493326824
STATION_33,2024-11-07,216.32999999999996,230.2394736246745
STATION_33,2024-11-08,253.42999999999992,230.6803152994792
STATION_33,2024-11-09,222.6,230.405513663737
STATION_33,2024-11-10,261.9299999999999,230.04470738932292
STATION_33,2024-11-11,199.75999999999993,230.48077306315105
STATION_33,2024-11-12,207.76000000000008,230.90329808756513
STATION_33,2024-11-13,219.36999999999995,230.72097386881512
STATION_33,2024-11-14,238.35,230.37415685221356
STATION_33,2024-11-15,225.55999999999997,230.3289542154948
STATION_33,2024-11-16,220.19,230.3921591715495
STATION_33,2024-11-17,258.4099999999999,230.62936009928387
STATION_33,2024-11-18,260.2699999999999,230.30626134440107
STATION_33,2024-11-19,221.71000000000006,230.24527501627605
STATION_33,2024-11-20,195.79999999999995,230.27762059733075
STATION_33,2024-11-21,186.85000000000005,230.23956212565105
STATION_33,2024-11-22,234.79000000000005,230.549166007487
STATION_33,2024-11-23,243.12000000000012,230.74659337565106
STATION_33,2024-11-24,231.26000000000008,230.8698477701823
STATION_33,2024-11-25,228.57999999999996,230.608394523112
STATION_33,2024-11-26,213.91000000000008,230.77690038248699
STATION_33,2024-11-27,243.1,230.86192540690107
STATION_33,2024-11-28,263.55999999999995,230.70381383463544
STATION_33,2024-11-29,185.6599999999999,230.13944310709638
STATION_33,2024-11-30,228.45,230.49613256022138
STATION_33,2024-12-01,210.58999999999995,226.80602207503782
STATION_33,2024-12-02,200.19,226.68732090316283
STATION_33,2024-12-03,207.39999999999998,226.22728061995969
STATION_33,2024-12-04,237.59000000000003,227.28276462874877
STATION_33,2024-12-05,238.10000000000008,227.21995640120969
STATION_33,2024-12-06,259.21,227.3160959275769
STATION_33,2024-12-07,230.18,227.15753879867063
STATION_33,2024-12-08,194.84,227.09309177718626
STATION_33,2024-12-09,225.2400000000001,226.93352146468627
STATION_33,2024-12-10,202.26999999999992,227.0867074998425
STATION_33,2024-12-11,205.85999999999999,227.07847385726438
STATION_33,2024-12-12,241.61000000000013,226.99311313949096
STATION_33,2024-12-13,233.8799999999999,227.23299961410032
STATION_33,2024-12-14,241.75000000000003,227.20612888656126
STATION_33,2024-12-15,222.85000000000008,227.18261204085815
STATION_33,2024-12-16,245.8100000000001,226.92002048812375
STATION_33,2024-12-17,221.72999999999993,226.9616037400769
STATION_33,2024-12-18,252.32999999999996,226.91520176253783
STATION_33,2024-12-19,236.8899999999999,226.57375583968627
STATION_33,2024-12-20,225.85999999999993,226.90513401351438
STATION_33,2024-12-21,234.24000000000004,226.89305210433469
STATION_33,2024-12-22,229.64000000000004,226.86137180648313
STATION_33,2024-12-23,261.91999999999996,226.79606418929563
STATION_33,2024-12-24,234.90999999999997,226.11205234847532
STATION_33,2024-12-25,229.97000000000006,227.02941074691282
STATION_33,2024-12-26,225.23000000000002,226.70909214339719
STATION_33,2024-12-27,246.85999999999996,226.17270298324095
STATION_33,2024-12-28,244.16000000000003,226.93391514144406
STATION_33,2024-12-29,224.51999999999995,227.0422708543347
STATION_33,2024-12-30,206.89000000000001,226.6531320603894
STATION_33,2024-12-31,211.96000000000006,226.96842441878783
STATION_34,2024-08-07,40.18999999999999,46.108501252870305
STATION_34,2024-08-08,70.21000000000001,46.2292158219621
STATION_34,2024-08-09,50.60000000000001,44.882172212342965
STATION_34,2024-08-10,16.939999999999998,44.659306916932806
STATION_34,2024-08-11,25.509999999999998,44.74921017621015
STATION_34,2024-08-12,73.05999999999999,47.85739575360273
STATION_34,2024-08-13,57.75999999999998,46.33220959637617
STATION_34,2024-08-14,23.32,46.650049409608584
STATION_34,2024-08-15,12.679999999999998,45.1212926957414
STATION_34,2024-08-16,35.50000000000001,45.86471539471601
STATION_34,2024-08-17,10.970000000000002,49.32154217694257
STATION_34,2024-08-18,44.88,47.00260830853437
STATION_34,2024-08-19,97.03000000000002,45.4048376176164
STATION_34,2024-08-20,16.059999999999995,46.037595948915225
STATION_34,2024-08-21,44.28,49.57593060467695
STATION_34,2024-08-22,74.24000000000002,46.66510220501874
STATION_34,2024-08-23,62.98000000000001,45.61214047406171
STATION_34,2024-08-24,45.03,46.19660626385664
STATION_34,2024-08-25,45.07000000000001,44.23910504315351
STATION_34,2024-08-26,24.880000000000003,44.08510952923749
STATION_34,2024-08-27,42.64999999999999,46.81328030560468
STATION_34,2024-08-28,52.870000000000005,45.90321637127851
STATION_34,2024-08-29,70.09999999999997,45.34580899212812
STATION_34,2024-08-30,35.599999999999994,45.78833218548749
STATION_34,2024-08-31,44.20000000000001,44.650961885194526
STATION_34,2024-09-01,29.019999999999996,44.781668534342444
STATION_34,2024-09-02,52.50999999999999,45.81679121500651
STATION_34,2024-09-03,63.680000000000035,45.3313389444987
STATION_34,2024-09-04,60.59,45.807380356852214
STATION_34,2024-09-05,24.6,44.79734770304362
STATION_34,2024-09-06,50.940000000000005,43.858074631754555
STATION_34,2024-09-07,34.45,45.43403975016276
STATION_34,2024-09-08,68.22000000000001,44.50481153971354
STATION_34,2024-09-09,44.769999999999996,47.320372452799475
STATION_34,2024-09-10,17.610000000000003,45.90639921671549
STATION_34,2024-09-11,43.6,43.809524216715495
STATION_34,2024-09-12,57.17,46.64035612589518
STATION_34,2024-09-13,52.879999999999995,43.938030686442055
STATION_34,2024-09-14,37.76,45.691787400309245
STATION_34,2024-09-15,36.28999999999999,45.88631178385417
STATION_34,2024-09-16,28.25,45.48895384318034
STATION_34,2024-09-17,40.10999999999999,47.78272596842448
STATION_34,2024-09-18,30.890000000000004,46.10990034586588
STATION_34,2024-09-19,67.40000000000002,47.60675932413737
STATION_34,2024-09-20,29.98,48.098918595377604
STATION_34,2024-09-21,50.45,48.41517378336589
STATION_34,2024-09-22,49.089999999999996,45.18654448038737
STATION_34,2024-09-23,66.91,47.39269377237956
STATION_34,2024-09-24,69.79000000000002,46.86288496500651
STATION_34,2024-09-25,61.92000000000003,45.944157853190106
STATION_34,2024-09-26,55.05999999999998,43.743711533610025
STATION_34,2024-09-27,27.029999999999998,43.38020559794108
STATION_34,2024-09-28,26.62,46.31309782511393
STATION_34,2024-09-29,31.090000000000003,46.447846665445965
STATION_34,2024-09-30,63.039999999999964,45.87313505655924
STATION_34,2024-10-01,141.47000000000003,138.76870581448463
STATION_34,2024-10-02,157.37000000000003,138.8611466103831
STATION_34,2024-10-03,160.06000000000003,139.52950903714088
STATION_34,2024-10-04,125.48000000000003,141.09673315823466
STATION_34,2024-10-05,140.64,140.29624792874245
STATION_34,2024-10-06,139.73999999999998,142.2871475869456
STATION_34,2024-10-07,133.44000000000005,142.1923020058909
STATION_34,2024-10-08,129.29999999999998,142.03740698635966
STATION_34,2024-10-09,163.7,142.20392615139872
STATION_34,2024-10-10,141.04,141.8619370156565
STATION_34,2024-10-11,140.26000000000005,141.8721146279612
STATION_34,2024-10-12,123.94000000000003,141.24204870999245
STATION_34,2024-10-13,153.50000000000006,140.63522192776588
STATION_34,2024-10-14,119.89999999999996,140.77692419827372
STATION_34,2024-10-15,149.09999999999994,141.07139441311745
STATION_34,2024-10-16,149.64,140.26142432034402
STATION_34,2024-10-17,131.74999999999997,141.2495285683909
STATION_34,2024-10-18,146.34999999999994,140.58764807522684
STATION_34,2024-10-19,143.71000000000004,139.83790137112527
STATION_34,2024-10-20,139.20999999999995,140.93494726956277
STATION_34,2024-10-21,140.26000000000005,140.3848282510081
STATION_34,2024-10-22,141.24,137.86080633938698
STATION_34,2024-10-23,142.59999999999997,138.15384375393776
STATION_34,2024-10-24,141.19999999999993,138.05932928860574
STATION_34,2024-10-25,117.92000000000004,138.04495856106666
STATION_34,2024-10-26,136.96000000000004,141.04744116604715
STATION_34,2024-10-27,145.29999999999998,139.91050879300028
STATION_34,2024-10-28,141.94999999999996,140.07405249417215
STATION_34,2024-10-29,159.07999999999996,140.14934546292216
STATION_34,2024-10-30,152.39999999999995,140.91576086819558
STATION_34,2024-10-31,122.59000000000005,141.11694495022684
STATION_34,2024-11-01,226.67000000000007,227.74335811360677
STATION_34,2024-11-02,223.7700000000001,226.94541805013023
STATION_34,2024-11-03,229.91000000000005,228.27357661946616
STATION_34,2024-11-04,229.94000000000005,228.3223681233724
STATION_34,2024-11-05,242.2299999999999,228.4468798421224
STATION_34,2024-11-06,233.54999999999993,228.43661983235677
STATION_34,2024-11-07,254.61000000000007,228.0072832845052
STATION_34,2024-11-08,234.81999999999994,227.64198177083335
STATION_34,2024-11-09,213.3899999999999,227.68203609212242
STATION_34,2024-11-10,220.65000000000006,227.80714290364585
STATION_34,2024-11-11,242.08,228.04210078938803
STATION_34,2024-11-12,197.72,227.72805965169272
STATION_34,2024-11-13,203.08000000000007,228.37052791341148
STATION_34,2024-11-14,230.20999999999995,228.5663653157552
STATION_34,2024-11-15,249.01999999999992,228.35976436360679
STATION_34,2024-11-16,256.1399999999999,228.28775203450522
STATION_34,2024-11-17,225.66000000000003,228.17589595540366
STATION_34,2024-11-18,251.21999999999989,228.21127498372397
STATION_34,2024-11-19,231.4499999999999,227.4804278157552
STATION_34,2024-11-20,199.36999999999998,228.08346431477867
STATION_34,2024-11-21,229.84000000000003,227.58182857259115
STATION_34,2024-11-22,217.62000000000006,227.91153438313802
STATION_34,2024-11-23,248.36,228.5769823811849
STATION_34,2024-11-24,229.48999999999995,228.2425585530599
STATION_34,2024-11-25,204.44,228.13355281575522
STATION_34,2024-11-26,200.01000000000005,228.52834041341146
STATION_34,2024-11-27,229.57999999999998,228.76409785970054
STATION_34,2024-11-28,181.60000000000005,228.4374529622396
STATION_34,2024-11-29,219.64000000000001,228.5197558186849
STATION_34,2024-11-30,234.61999999999995,228.66420161946616
STATION_34,2024-12-01,208.85999999999996,230.69092673418598
STATION_34,2024-12-02,249.87999999999994,230.83928183672504
STATION_34,2024-12-03,253.82000000000005,230.40572775957662
STATION_34,2024-12-04,209.67000000000004,229.99694480059225
STATION_34,2024-12-05,224.04000000000008,230.417293921686
STATION_34,2024-12-06,249.88999999999993,230.70560874102193
STATION_34,2024-12-07,229.97000000000006,230.55534934160787
STATION_34,2024-12-08,202.11000000000004,230.46213034746722
STATION_34,2024-12-09,227.13000000000008,230.52504843828754
STATION_34,2024-12-10,212.93999999999994,230.81899680254537
STATION_34,2024-12-11,252.16000000000005,230.7000881111391
STATION_34,2024-12-12,242.12,230.61757773516254
STATION_34,2024-12-13,223.72000000000003,230.63618430254536
STATION_34,2024-12-14,232.84000000000003,230.65184287188129
STATION_34,2024-12-15,203.84000000000006,230.63594321367816
STATION_34,2024-12-16,214.92,230.6117580330141
STATION_34,2024-12-17,261.07,230.72551230547504
STATION_34,2024-12-18,231.07,230.48454550860004
STATION_34,2024-12-19,248.60000000000005,230.59439353106097
STATION_34,2024-12-20,234.64000000000007,230.7153713142641
STATION_34,2024-12-21,256.28999999999996,230.69584921953754
STATION_34,2024-12-22,190.02000000000007,230.44102439043598
STATION_34,2024-12-23,226.23999999999998,229.97463645098287
STATION_34,2024-12-24,262.90000000000003,229.80368003008442
STATION_34,2024-12-25,249.12000000000003,229.71360129473285
STATION_34,2024-12-26,256.51000000000005,229.7710597908266
STATION_34,2024-12-27,229.85999999999999,229.66748313067035
STATION_34,2024-12-28,219.25999999999993,229.9176174080141
STATION_34,2024-12-29,209.45999999999995,229.93987387774067
STATION_34,2024-12-30,208.06000000000003,230.43852194902973
STATION_34,2024-12-31,246.14000000000004,230.27676352617817
STATION_35,2024-08-07,10.000000000000002,52.93197198898728
STATION_35,2024-08-08,61.589999999999975,51.57939783127244
STATION_35,2024-08-09,66.55,50.32976327927048
STATION_35,2024-08-10,52.00000000000001,49.03616510422165
STATION_35,2024-08-11,53.37,51.949333439182595
STATION_35,2024-08-12,36.709999999999994,50.58493448288377
STATION_35,2024-08-13,58.000000000000014,48.93737894089158
STATION_35,2024-08-14,65.05999999999999,48.61319452316697
STATION_35,2024-08-15,49.129999999999995,49.895884952854466
STATION_35,2024-08-16,97.82000000000001,50.89374719650681
STATION_35,2024-08-17,16.730000000000004,50.57330728561814
STATION_35,2024-08-18,51.260000000000005,50.58967767746384
STATION_35,2024-08-19,24.51,48.72276559860642
STATION_35,2024-08-20,65.6,50.60048929245408
STATION_35,2024-08-21,16.370000000000005,50.27214456589158
STATION_35,2024-08-22,21.32,51.91946664841111
STATION_35,2024-08-23,35.34,52.94962945969041
STATION_35,2024-08-24,53.32,50.6197336772197
STATION_35,2024-08-25,36.089999999999996,51.33998361618455
STATION_35,2024-08-26,36.28999999999999,50.28465143234666
STATION_35,2024-08-27,44.38,50.083175907444314
STATION_35,2024-08-28,43.16,50.02747064621384
STATION_35,2024-08-29,77.74999999999999,49.28336664230759
STATION_35,2024-08-30,61.71999999999998,50.37538095505173
STATION_35,2024-08-31,41.510000000000005,51.482074985813455
STATION_35,2024-09-01,89.93999999999997,45.69076282958984
STATION_35,2024-09-02,57.83,44.78925144653321
STATION_35,2024-09-03,28.619999999999997,46.45503742675781
STATION_35,2024-09-04,53.13,46.79190189819336
STATION_35,2024-09-05,58.709999999999994,45.71586964111329
STATION_35,2024-09-06,34.25,44.770821881103515
STATION_35,2024-09-07,26.950000000000003,45.86987278442383
STATION_35,2024-09-08,49.73,46.37667210083008
STATION_35,2024-09-09,40.79999999999999,46.01166737060547
STATION_35,2024-09-10,77.58,46.53221104125977
STATION_35,2024-09-11,62.82000000000001,44.14628498535156
STATION_35,2024-09-12,35.17999999999999,43.74464313964844
STATION_35,2024-09-13,56.52,44.03413174133301
STATION_35,2024-09-14,73.33999999999999,45.30169193725586
STATION_35,2024-09-15,20.12,45.64999363403321
STATION_35,2024-09-16,27.540000000000003,45.604604840087895
STATION_35,2024-09-17,47.78,45.48369801025391
STATION_35,2024-09-18,48.71,45.714493298339846
STATION_35,2024-09-19,46.96,45.61032764892578
STATION_35,2024-09-20,41.78,47.42476322631836
STATION_35,2024-09-21,41.47999999999999,48.12203037719727
STATION_35,2024-09-22,55.689999999999976,46.66808826904297
STATION_35,2024-09-23,70.67999999999998,45.54024403076172
STATION_35,2024-09-24,38.38,47.36691257934571
STATION_35,2024-09-25,96.76999999999997,46.26715671997071
STATION_35,2024-09-26,87.21000000000001,44.89562962036133
STATION_35,2024-09-27,74.59000000000003,45.95954639892578
STATION_35,2024-09-28,60.45000000000001,45.93618366699219
STATION_35,2024-09-29,88.16000000000001,46.0353940246582
STATION_35,2024-09-30,42.20000000000001,46.17533237915039
STATION_35,2024-10-01,123.35000000000002,142.8123115234375
STATION_35,2024-10-02,129.47999999999993,143.67257763671876
STATION_35,2024-10-03,119.94000000000001,141.7758094482422
STATION_35,2024-10-04,142.44,143.41265942382813
STATION_35,2024-10-05,145.99999999999997,142.34833447265626
STATION_35,2024-10-06,144.02000000000004,143.31915966796876
STATION_35,2024-10-07,139.75,143.41448742675783
STATION_35,2024-10-08,142.65999999999997,142.53014599609375
STATION_35,2024-10-09,174.72999999999996,141.81856762695313
STATION_35,2024-10-10,152.39999999999995,142.62020336914063
STATION_35,2024-10-11,158.44999999999996,142.95630261230468
STATION_35,2024-10-12,143.82000000000005,142.2829658203125
STATION_35,2024-10-13,107.69000000000001,142.1104041748047
STATION_35,2024-10-14,103.72000000000001,142.1365028076172
STATION_35,2024-10-15,181.66000000000005,143.19625622558596
STATION_35,2024-10-16,129.36000000000004,143.07331311035156
STATION_35,2024-10-17,127.65999999999994,143.21127087402346
STATION_35,2024-10-18,144.90999999999997,142.4010535888672
STATION_35,2024-10-19,151.00999999999996,142.3293555908203
STATION_35,2024-10-20,153.54000000000005,142.45888134765624
STATION_35,2024-10-21,175.49000000000004,142.34773937988282
STATION_35,2024-10-22,170.00999999999996,141.29234082031252
STATION_35,2024-10-23,123.78000000000002,142.23797375488283
STATION_35,2024-10-24,159.37000000000003,142.0320625
STATION_35,2024-10-25,132.31999999999994,142.31286083984375
STATION_35,2024-10-26,137.25,142.32287670898438
STATION_35,2024-10-27,118.12000000000002,142.1045264892578
STATION_35,2024-10-28,106.13999999999996,142.63265148925782
STATION_35,2024-10-29,139.36999999999995,142.89505078125
STATION_35,2024-10-30,120.87999999999998,142.69163891601562
STATION_35,2024-10-31,158.55999999999995,143.37652966308593
STATION_35,2024-11-01,224.38,222.8210103434245
STATION_35,2024-11-02,236.16999999999993,224.00528158365887
STATION_35,2024-11-03,257.34999999999997,223.21497396647138
STATION_35,2024-11-04,200.29,223.6558247965495
STATION_35,2024-11-05,215.51000000000008,224.17735189615888
STATION_35,2024-11-06,233.62000000000006,224.26598715006511
STATION_35,2024-11-07,236.25000000000003,224.96599325358073
STATION_35,2024-11-08,252.07000000000002,224.83369344889326
STATION_35,2024-11-09,247.34000000000003,224.50984701334636
STATION_35,2024-11-10,231.9399999999999,224.21118063151044
STATION_35,2024-11-11,236.07000000000002,224.445009366862
STATION_35,2024-11-12,236.62,224.35100301920573
STATION_35,2024-11-13,200.60999999999996,224.1567799967448
STATION_35,2024-11-14,226.87000000000003,224.24543966471356
STATION_35,2024-11-15,234.96999999999997,224.434706632487
STATION_35,2024-11-16,239.17000000000007,224.60154928385418
STATION_35,2024-11-17,211.5099999999999,224.82493795572918
STATION_35,2024-11-18,204.62,224.7331471842448
STATION_35,2024-11-19,225.3100000000001,224.87305196940105
STATION_35,2024-11-20,269.35,224.85684408365887
STATION_35,2024-11-21,213.62,224.63585104166668
STATION_35,2024-11-22,253.48000000000002,224.92674764811198
STATION_35,2024-11-23,261.69,224.43374227701824
STATION_35,2024-11-24,230.90999999999994,224.1524037760417
STATION_35,2024-11-25,216.4,223.97554525553386
STATION_35,2024-11-26,240.26,224.53186544596355
STATION_35,2024-11-27,233.89999999999995,225.01531576334636
STATION_35,2024-11-28,212.81999999999994,224.4170064371745
STATION_35,2024-11-29,216.81999999999994,224.48000692545574
STATION_35,2024-11-30,239.06999999999994,224.94676717936198
STATION_35,2024-12-01,248.67000000000002,224.2770962859123
STATION_35,2024-12-02,223.54000000000008,224.0838040495842
STATION_35,2024-12-03,228.62000000000003,224.41841403493575
STATION_35,2024-12-04,243.37000000000006,224.6465451384514
STATION_35,2024-12-05,226.54999999999993,224.34394809255295
STATION_35,2024-12-06,224.01000000000005,224.25933505544356
STATION_35,2024-12-07,214.89000000000004,223.96236850270918
STATION_35,2024-12-08,214.55,224.2418576384514
STATION_35,2024-12-09,283.37999999999994,224.2459897185295
STATION_35,2024-12-10,226.08000000000004,223.65458957204513
STATION_35,2024-12-11,257.29999999999995,223.90891696462324
STATION_35,2024-12-12,263.68,222.996990695092
STATION_35,2024-12-13,226.33000000000007,223.69931613454514
STATION_35,2024-12-14,237.36999999999995,223.80821200856857
STATION_35,2024-12-15,232.04999999999998,223.17991611013107
STATION_35,2024-12-16,197.76,224.33695956716232
STATION_35,2024-12-17,198.96,224.00875522145918
STATION_35,2024-12-18,230.98000000000008,224.09744540700606
STATION_35,2024-12-19,221.49999999999997,224.53357211599044
STATION_35,2024-12-20,267.83,224.4367581511467
STATION_35,2024-12-21,225.27,224.1801663542717
STATION_35,2024-12-22,269.02,223.8854703093498
STATION_35,2024-12-23,220.46999999999997,223.83217441091233
STATION_35,2024-12-24,268.24000000000007,223.27663547048263
STATION_35,2024-12-25,240.12999999999997,222.6622464323967
STATION_35,2024-12-26,241.27000000000007,223.38696872243577
STATION_35,2024-12-27,219.75999999999996,222.91736117849044
STATION_35,2024-12-28,241.5399999999999,224.28121005544358
STATION_35,2024-12-29,263.8499999999999,224.06678439626387
STATION_35,2024-12-30,227.10000000000005,224.0040677214592
STATION_35,2024-12-31,223.20999999999995,223.69140903005294
STATION_36,2024-08-07,30.379999999999995,45.7221061739535
STATION_36,2024-08-08,51.20999999999999,45.706658938846076
STATION_36,2024-08-09,74.78999999999999,45.49697037073084
STATION_36,2024-08-10,53.21999999999999,45.233506778201544
STATION_36,2024-08-11,54.43999999999999,44.61933212610194
STATION_36,2024-08-12,64.34,42.773352817019905
STATION_36,2024-08-13,19.930000000000003,42.87618065210291
STATION_36,2024-08-14,82.37999999999998,43.24707565637537
STATION_36,2024-08-15,26.89,47.49645843835779
STATION_36,2024-08-16,65.58999999999999,43.9087272677035
STATION_36,2024-08-17,62.94000000000002,44.97974090906092
STATION_36,2024-08-18,29.959999999999997,45.716730502566776
STATION_36,2024-08-19,68.17999999999999,44.12415771814295
STATION_36,2024-08-20,57.95999999999998,44.5484359774203
STATION_36,2024-08-21,85.80000000000001,44.30790176721521
STATION_36,2024-08-22,51.87,43.99664001794764
STATION_36,2024-08-23,45.830000000000005,43.99087829919764
STATION_36,2024-08-24,37.699999999999996,44.779587558230844
STATION_36,2024-08-25,13.130000000000004,43.32528229089686
STATION_36,2024-08-26,41.64,45.526022342166385
STATION_36,2024-08-27,42.48,46.17338562341639
STATION_36,2024-08-28,53.24,45.390392306765996
STATION_36,2024-08-29,19.540000000000003,46.77115707727381
STATION_36,2024-08-30,43.21999999999999,50.587588504275764
STATION_36,2024-08-31,59.530000000000015,48.90799866052576
STATION_36,2024-09-01,61.51000000000001,44.87547727050781
STATION_36,2024-09-02,10.8,43.66354108276367
STATION_36,2024-09-03,62.13000000000002,42.73877072753906
STATION_36,2024-09-04,43.07000000000001,44.290642218017574
STATION_36,2024-09-05,44.300000000000004,43.2181515258789
STATION_36,2024-09-06,10.000000000000002,43.708642248535156
STATION_36,2024-09-07,77.87000000000003,44.499850897216795
STATION_36,2024-09-08,51.54,46.2385975402832
STATION_36,2024-09-09,17.37,43.71116300048828
STATION_36,2024-09-10,55.50000000000001,43.666424993896484
STATION_36,2024-09-11,54.890000000000015,42.42015500488281
STATION_36,2024-09-12,72.45000000000003,41.76864819946289
STATION_36,2024-09-13,41.809999999999995,43.24497266235351
STATION_36,2024-09-14,48.24,43.88163800659179
STATION_36,2024-09-15,35.13999999999999,42.602948431396484
STATION_36,2024-09-16,59.96000000000001,42.541594747924805
STATION_36,2024-09-17,32.32999999999999,44.11941342773437
STATION_36,2024-09-18,30.140000000000004,42.728454260253905
STATION_36,2024-09-19,46.64,42.11622662963867
STATION_36,2024-09-20,23.480000000000004,45.13540082397461
STATION_36,2024-09-21,80.03999999999998,47.162527136230466
STATION_36,2024-09-22,86.54999999999998,47.534013037109375
STATION_36,2024-09-23,38.92999999999999,43.64354291381836
STATION_36,2024-09-24,20.269999999999996,45.9594959777832
STATION_36,2024-09-25,54.73000000000001,44.352915624999994
STATION_36,2024-09-26,38.36,44.789279608154295
STATION_36,2024-09-27,71.48999999999998,44.5961903137207
STATION_36,2024-09-28,32.26,43.20919919433594
STATION_36,2024-09-29,58.89000000000002,43.94288373413086
STATION_36,2024-09-30,50.28000000000001,45.33892407836914
STATION_36,2024-10-01,126.47000000000001,144.09208274398316
STATION_36,2024-10-02,144.79999999999998,145.37520957503784
STATION_36,2024-10-03,157.57000000000005,141.54268088851438
STATION_36,2024-10-04,141.73999999999998,144.9205373338269
STATION_36,2024-10-05,141.94999999999996,144.91551719222534
STATION_36,2024-10-06,122.53999999999996,144.83224387679564
STATION_36,2024-10-07,162.87999999999994,146.33280540023316
STATION_36,2024-10-08,160.89,145.86068320785034
STATION_36,2024-10-09,131.79,146.26293845687377
STATION_36,2024-10-10,137.51000000000005,145.09831138167846
STATION_36,2024-10-11,168.28,145.36435752425658
STATION_36,2024-10-12,117.32999999999998,145.6117970994519
STATION_36,2024-10-13,152.09000000000003,143.62165122542845
STATION_36,2024-10-14,128.82999999999998,144.58637595687378
STATION_36,2024-10-15,175.56000000000003,145.08054099593627
STATION_36,2024-10-16,141.26999999999998,144.4533284715222
STATION_36,2024-10-17,165.20999999999998,144.70928855453002
STATION_36,2024-10-18,124.77000000000001,144.80509849105346
STATION_36,2024-10-19,115.02999999999997,145.06897178206907
STATION_36,2024-10-20,135.30999999999995,145.56573386703002
STATION_36,2024-10-21,145.25000000000003,145.35058494124877
STATION_36,2024-10-22,129.78999999999994,145.63862510238158
STATION_36,2024-10-23,155.16999999999996,145.5813069871472
STATION_36,2024-10-24,135.80000000000007,145.66700645003783
STATION_36,2024-10-25,98.36999999999996,145.90739341292846
STATION_36,2024-10-26,151.05999999999997,144.36598411117063
STATION_36,2024-10-27,122.34999999999997,144.56390586410032
STATION_36,2024-10-28,132.76999999999998,145.03055930648316
STATION_36,2024-10-29,171.06000000000006,145.07243247542846
STATION_36,2024-10-30,175.46000000000006,145.53234763656127
STATION_36,2024-10-31,128.48999999999998,145.26938376937377
STATION_36,2024-11-01,241.56,225.1610078450521
STATION_36,2024-11-02,218.94999999999993,225.705703889974
STATION_36,2024-11-03,224.26000000000002,225.52475601399743
STATION_36,2024-11-04,217.87999999999994,226.3582948323568
STATION_36,2024-11-05,195.51000000000008,226.24525161946616
STATION_36,2024-11-06,231.9,226.82456070149743
STATION_36,2024-11-07,235.76000000000002,226.27686172688806
STATION_36,2024-11-08,216.58000000000004,226.4860993977865
STATION_36,2024-11-09,251.7599999999999,227.06045547688805
STATION_36,2024-11-10,221.27999999999997,226.60764480794273
STATION_36,2024-11-11,217.25999999999996,226.42997757161461
STATION_36,2024-11-12,240.53000000000006,226.4051484700521
STATION_36,2024-11-13,199.14999999999995,226.56327224934898
STATION_36,2024-11-14,248.1299999999999,226.68034988606775
STATION_36,2024-11-15,221.95999999999995,226.19241348470055
STATION_36,2024-11-16,249.79000000000002,226.41677261555992
STATION_36,2024-11-17,255.75999999999993,226.34837051595053
STATION_36,2024-11-18,242.8000000000001,225.9738954182943
STATION_36,2024-11-19,213.75999999999993,225.48294082845055
STATION_36,2024-11-20,204.98000000000002,226.3984315511068
STATION_36,2024-11-21,201.32000000000002,225.62557083333337
STATION_36,2024-11-22,252.05999999999997,226.84405838216148
STATION_36,2024-11-23,227.30000000000007,226.5572023030599
STATION_36,2024-11-24,218.01999999999998,226.69523941243492
STATION_36,2024-11-25,227.35999999999993,226.7361512776693
STATION_36,2024-11-26,251.60999999999999,226.65208450520836
STATION_36,2024-11-27,245.56999999999996,226.54673477376303
STATION_36,2024-11-28,238.76999999999992,226.44655777180992
STATION_36,2024-11-29,242.76,226.54630142415368
STATION_36,2024-11-30,233.60000000000005,226.541641389974
STATION_36,2024-12-01,236.03999999999994,234.32355440004412
STATION_36,2024-12-02,234.41999999999993,234.37076814516132
STATION_36,2024-12-03,229.99999999999994,234.55390107973162
STATION_36,2024-12-04,245.07000000000002,234.47703035219257
STATION_36,2024-12-05,237.22999999999993,234.48150117738788
STATION_36,2024-12-06,212.38999999999993,234.637928179341
STATION_36,2024-12-07,240.57999999999996,234.73084199770037
STATION_36,2024-12-08,234.94,234.1291421685988
STATION_36,2024-12-09,242.2299999999999,233.90998628480975
STATION_36,2024-12-10,227.92,233.9951333795363
STATION_36,2024-12-11,246.23,234.1440133844191
STATION_36,2024-12-12,228.76999999999998,234.47961519105974
STATION_36,2024-12-13,244.48000000000008,234.43720796449725
STATION_36,2024-12-14,220.87000000000006,234.67783296449724
STATION_36,2024-12-15,222.25000000000009,234.02103669984882
STATION_36,2024-12-16,242.04000000000005,234.00604951723162
STATION_36,2024-12-17,223.35999999999996,233.7811654840285
STATION_36,2024-12-18,274.12,234.30520418031756
STATION_36,2024-12-19,241.3300000000001,234.06095369203632
STATION_36,2024-12-20,230.49999999999997,234.29312227113786
STATION_36,2024-12-21,246.4000000000001,233.9259195123488
STATION_36,2024-12-22,220.39000000000001,234.15924470766132
STATION_36,2024-12-23,248.46,234.0577493463332
STATION_36,2024-12-24,247.90000000000003,233.06389558656755
STATION_36,2024-12-25,255.06999999999994,234.5764261041457
STATION_36,2024-12-26,221.18,234.56809785707537
STATION_36,2024-12-27,205.5500000000001,233.19140413148943
STATION_36,2024-12-28,217.79999999999998,233.63564851625506
STATION_36,2024-12-29,224.3700000000001,234.50596711977067
STATION_36,2024-12-30,263.33999999999986,234.29146516664568
STATION_36,2024-12-31,273.9000000000001,234.15123994691913
STATION_37,2024-08-07,61.37000000000001,42.43956706773913
STATION_37,2024-08-08,33.42999999999999,41.86658199083483
STATION_37,2024-08-09,29.4,43.353615071889514
STATION_37,2024-08-10,51.899999999999984,42.44807613145983
STATION_37,2024-08-11,63.400000000000006,42.757701375600455
STATION_37,2024-08-12,48.059999999999995,40.3197050834862
STATION_37,2024-08-13,77.63000000000001,40.16498363268053
STATION_37,2024-08-14,48.660000000000004,41.080848195668814
STATION_37,2024-08-15,47.989999999999995,43.588475301381706
STATION_37,2024-08-16,61.409999999999975,40.51912448656237
STATION_37,2024-08-17,72.38,41.712004354116075
STATION_37,2024-08-18,21.01,42.78250758897936
STATION_37,2024-08-19,25.639999999999997,44.14819286119616
STATION_37,2024-08-20,41.73,42.50895107042467
STATION_37,2024-08-21,111.17999999999996,45.38591792833483
STATION_37,2024-08-22,42.769999999999996,43.857531240102404
STATION_37,2024-08-23,45.56000000000001,43.87711971056139
STATION_37,2024-08-24,60.37000000000001,41.042230489369985
STATION_37,2024-08-25,67.53999999999998,42.23950679552233
STATION_37,2024-08-26,51.4,41.98575999986803
STATION_37,2024-08-27,71.28999999999999,41.96567409288561
STATION_37,2024-08-28,24.12,40.95273463976061
STATION_37,2024-08-29,32.68,42.5550394798485
STATION_37,2024-08-30,71.25,43.285237386342644
STATION_37,2024-08-31,48.220000000000006,43.246908834096544
STATION_37,2024-09-01,22.750000000000004,51.33712458699545
STATION_37,2024-09-02,21.55,51.31655650227866
STATION_37,2024-09-03,31.779999999999994,52.33541407674154
STATION_37,2024-09-04,48.04,52.055703688557955
STATION_37,2024-09-05,57.34999999999998,52.29018626302084
STATION_37,2024-09-06,41.419999999999995,51.38709330647787
STATION_37,2024-09-07,55.70000000000002,52.46753840535483
STATION_37,2024-09-08,39.25999999999999,49.68779749959311
STATION_37,2024-09-09,72.48000000000002,51.78377070515951
STATION_37,2024-09-10,99.04,51.553472853597015
STATION_37,2024-09-11,40.150000000000006,51.400607253011074
STATION_37,2024-09-12,57.600000000000016,50.87330012410483
STATION_37,2024-09-13,55.969999999999985,49.787865401204435
STATION_37,2024-09-14,50.769999999999996,54.11995158284506
STATION_37,2024-09-15,61.06999999999997,50.96261057942709
STATION_37,2024-09-16,57.57999999999998,51.80377268880209
STATION_37,2024-09-17,38.57999999999999,50.64758372395834
STATION_37,2024-09-18,74.33000000000003,52.18379435628256
STATION_37,2024-09-19,52.03000000000001,50.75621867268881
STATION_37,2024-09-20,40.29999999999999,52.41270213216147
STATION_37,2024-09-21,96.85999999999997,52.58532939046225
STATION_37,2024-09-22,45.68000000000001,51.91375193684897
STATION_37,2024-09-23,53.09999999999999,51.25522227376303
STATION_37,2024-09-24,51.510000000000005,50.86561732381186
STATION_37,2024-09-25,45.39999999999999,51.25432047932944
STATION_37,2024-09-26,56.96999999999999,51.74988246053061
STATION_37,2024-09-27,31.1,49.906299544270844
STATION_37,2024-09-28,59.930000000000014,51.42335887044272
STATION_37,2024-09-29,12.83,50.25124735921225
STATION_37,2024-09-30,22.04,52.971893263753266
STATION_37,2024-10-01,176.51,135.484629890688
STATION_37,2024-10-02,114.87999999999998,135.08922431207472
STATION_37,2024-10-03,100.79999999999995,136.2883652422505
STATION_37,2024-10-04,115.37000000000002,137.42838904596144
STATION_37,2024-10-05,174.79999999999993,137.72868506646927
STATION_37,2024-10-06,104.16000000000003,139.4192032549458
STATION_37,2024-10-07,120.87999999999998,139.14959876275833
STATION_37,2024-10-08,110.83999999999997,139.19403846002393
STATION_37,2024-10-09,134.52000000000004,139.2963028643208
STATION_37,2024-10-10,131.27999999999994,139.21881568170363
STATION_37,2024-10-11,130.37999999999997,138.98824927545363
STATION_37,2024-10-12,177.11999999999995,139.17682349420363
STATION_37,2024-10-13,116.02000000000004,138.152793953188
STATION_37,2024-10-14,137.95999999999995,138.85951697564894
STATION_37,2024-10-15,146.77,137.76577613092238
STATION_37,2024-10-16,120.39999999999999,138.95959937310988
STATION_37,2024-10-17,149.72999999999993,138.79464575982863
STATION_37,2024-10-18,132.0,138.52861487603957
STATION_37,2024-10-19,147.49000000000004,138.5662461016255
STATION_37,2024-10-20,137.84000000000003,137.97067115045363
STATION_37,2024-10-21,98.98999999999997,138.75392310357864
STATION_37,2024-10-22,166.11999999999995,138.75887915826613
STATION_37,2024-10-23,181.40999999999994,138.5163712236958
STATION_37,2024-10-24,136.45999999999995,138.6816544268208
STATION_37,2024-10-25,122.04000000000003,138.27487952447706
STATION_37,2024-10-26,170.12000000000003,137.91866614557082
STATION_37,2024-10-27,177.81000000000006,137.90580603814894
STATION_37,2024-10-28,136.61999999999995,138.82765357232864
STATION_37,2024-10-29,135.63000000000005,138.31495825982864
STATION_37,2024-10-30,138.4,137.86630408502396
STATION_37,2024-10-31,106.50999999999999,138.09624488092237
STATION_37,2024-11-01,224.17999999999995,232.22337611490886
STATION_37,2024-11-02,264.29999999999995,233.44945033365886
STATION_37,2024-11-03,226.63000000000005,234.5476528483073
STATION_37,2024-11-04,209.20000000000005,234.01869166666668
STATION_37,2024-11-05,239.92999999999998,234.33668788248698
STATION_37,2024-11-06,216.66000000000005,234.91275599772138
STATION_37,2024-11-07,228.66999999999996,234.34661830240887
STATION_37,2024-11-08,204.62,234.71443141276043
STATION_37,2024-11-09,209.27000000000007,234.89836695963544
STATION_37,2024-11-10,244.74999999999991,235.03001673990886
STATION_37,2024-11-11,232.32000000000002,234.92359584147135
STATION_37,2024-11-12,214.47999999999996,234.66601832682292
STATION_37,2024-11-13,232.39000000000004,234.90549281412763
STATION_37,2024-11-14,217.86000000000007,234.72865260416668
STATION_37,2024-11-15,214.32000000000005,234.31463588053387
STATION_37,2024-11-16,253.2799999999999,234.95815699869792
STATION_37,2024-11-17,245.66000000000005,234.3877407389323
STATION_37,2024-11-18,229.56999999999996,234.129461319987
STATION_37,2024-11-19,232.88999999999993,234.40613368326825
STATION_37,2024-11-20,229.82999999999998,234.8128170328776
STATION_37,2024-11-21,239.7400000000001,234.73218959147135
STATION_37,2024-11-22,214.00999999999993,235.07740443522135
STATION_37,2024-11-23,247.25000000000003,235.08586695963544
STATION_37,2024-11-24,237.07000000000008,234.7112728434245
STATION_37,2024-11-25,224.74000000000004,234.17776149088542
STATION_37,2024-11-26,220.24000000000004,234.61057399088543
STATION_37,2024-11-27,246.82000000000005,234.94517176920573
STATION_37,2024-11-28,226.98999999999995,235.18145716959637
STATION_37,2024-11-29,216.02,235.19070704752605
STATION_37,2024-11-30,222.30999999999995,235.25558131510417
STATION_37,2024-12-01,245.37999999999988,228.40431925718246
STATION_37,2024-12-02,197.78999999999994,228.80346781675277
STATION_37,2024-12-03,222.89000000000001,228.70806986753402
STATION_37,2024-12-04,251.41000000000008,228.93456828061997
STATION_37,2024-12-05,226.64000000000007,228.74156901304184
STATION_37,2024-12-06,235.46000000000006,228.72824809019028
STATION_37,2024-12-07,251.74,228.70699870054185
STATION_37,2024-12-08,247.8499999999999,228.49821574155746
STATION_37,2024-12-09,221.20000000000005,228.5035898870653
STATION_37,2024-12-10,227.38999999999996,228.4931681341356
STATION_37,2024-12-11,248.10000000000005,228.73021647397934
STATION_37,2024-12-12,248.78999999999988,228.7479563421434
STATION_37,2024-12-13,228.23999999999998,228.61195475522933
STATION_37,2024-12-14,228.9300000000001,228.6616251653856
STATION_37,2024-12-15,235.35000000000005,228.54282023374498
STATION_37,2024-12-16,257.34000000000003,228.25277811948715
STATION_37,2024-12-17,251.35000000000002,228.53878886167465
STATION_37,2024-12-18,243.87000000000006,228.53785502378403
STATION_37,2024-12-19,208.42999999999992,228.51573588315904
STATION_37,2024-12-20,224.50000000000003,228.5322794622606
STATION_37,2024-12-21,225.54999999999993,228.57619730894027
STATION_37,2024-12-22,258.36999999999995,228.35612284604966
STATION_37,2024-12-23,225.21999999999997,228.16042582456527
STATION_37,2024-12-24,255.06999999999994,227.74426371519027
STATION_37,2024-12-25,218.59000000000003,228.6810404485887
STATION_37,2024-12-26,220.18000000000004,228.7893870062059
STATION_37,2024-12-27,239.6299999999999,227.91304728452621
STATION_37,2024-12-28,261.35999999999996,227.76119181577621
STATION_37,2024-12-29,225.75999999999996,228.3585520452684
STATION_37,2024-12-30,178.74,228.45089518491685
STATION_37,2024-12-31,198.71999999999994,228.76110636655747
STATION_38,2024-08-07,65.15,48.51324049996042
STATION_38,2024-08-08,59.029999999999994,45.65147368477487
STATION_38,2024-08-09,55.890000000000015,45.384791250692835
STATION_38,2024-08-10,46.529999999999994,44.37604453133248
STATION_38,2024-08-11,60.19000000000002,47.2660450653901
STATION_38,2024-08-12,25.749999999999996,45.53724562691354
STATION_38,2024-08-13,10.000000000000002,45.92138640450143
STATION_38,2024-08-14,71.23999999999998,48.8569988922944
STATION_38,2024-08-15,61.48,50.53310057686471
STATION_38,2024-08-16,45.459999999999994,47.42511336372995
STATION_38,2024-08-17,69.49000000000001,47.71249129341744
STATION_38,2024-08-18,33.37,48.11104552315378
STATION_38,2024-08-19,33.88999999999999,47.15040175484323
STATION_38,2024-08-20,31.120000000000005,45.6861248688569
STATION_38,2024-08-21,59.34999999999999,48.54869048164987
STATION_38,2024-08-22,16.340000000000003,47.14609648750924
STATION_38,2024-08-23,32.660000000000004,47.39366118477487
STATION_38,2024-08-24,53.78999999999998,48.16311461495065
STATION_38,2024-08-25,23.92,47.582858725058074
STATION_38,2024-08-26,34.79,48.401165457235805
STATION_38,2024-08-27,10.000000000000002,45.72797896431588
STATION_38,2024-08-28,60.120000000000005,51.1645298676362
STATION_38,2024-08-29,34.24,45.08597037361764
STATION_38,2024-08-30,26.010000000000005,45.45977370308542
STATION_38,2024-08-31,22.099999999999998,49.639483328329554
STATION_38,2024-09-01,39.64,48.193105678304036
STATION_38,2024-09-02,16.4,50.86478078816732
STATION_38,2024-09-03,86.85000000000002,47.963674525960286
STATION_38,2024-09-04,10.000000000000002,51.35563619588216
STATION_38,2024-09-05,38.989999999999995,49.49185598347982
STATION_38,2024-09-06,50.14000000000001,48.679574184163414
STATION_38,2024-09-07,32.49,49.57144048665365
STATION_38,2024-09-08,52.24000000000001,49.11188085530599
STATION_38,2024-09-09,32.01,47.74291646931967
STATION_38,2024-09-10,78.59999999999998,49.07378957722982
STATION_38,2024-09-11,25.62,48.79466360066732
STATION_38,2024-09-12,10.000000000000002,49.35580404256185
STATION_38,2024-09-13,22.030000000000005,49.123665218098964
STATION_38,2024-09-14,55.730000000000004,51.16872137044271
STATION_38,2024-09-15,45.64,49.34437139485677
STATION_38,2024-09-16,63.039999999999964,49.457867793782555
STATION_38,2024-09-17,58.029999999999994,49.12625005696615
STATION_38,2024-09-18,35.27000000000001,50.194911555989584
STATION_38,2024-09-19,38.220000000000006,47.829091243489586
STATION_38,2024-09-20,40.29,48.646493129475914
STATION_38,2024-09-21,85.68999999999998,51.05694845174154
STATION_38,2024-09-22,61.82000000000001,49.37521322224935
STATION_38,2024-09-23,85.82999999999998,49.23485982869467
STATION_38,2024-09-24,64.81999999999998,49.33438222859701
STATION_38,2024-09-25,46.72999999999999,48.11768911336263
STATION_38,2024-09-26,27.609999999999992,47.09028585408529
STATION_38,2024-09-27,52.03000000000001,48.46145284627279
STATION_38,2024-09-28,46.78,47.417514400227866
STATION_38,2024-09-29,46.129999999999995,49.386360530598964
STATION_38,2024-09-30,43.82,47.93258855794271
STATION_38,2024-10-01,98.95000000000002,138.75693835055444
STATION_38,2024-10-02,165.21999999999994,136.94057635104272
STATION_38,2024-10-03,138.99000000000004,134.1189164999685
STATION_38,2024-10-04,111.70999999999995,139.07801073824976
STATION_38,2024-10-05,149.64,138.1789079550466
STATION_38,2024-10-06,122.87999999999994,138.79201525485132
STATION_38,2024-10-07,151.24000000000004,139.76169604098413
STATION_38,2024-10-08,157.63,139.93533800875755
STATION_38,2024-10-09,160.38999999999993,140.34124926364038
STATION_38,2024-10-10,136.78000000000006,139.8598344687185
STATION_38,2024-10-11,131.72000000000003,139.709224117156
STATION_38,2024-10-12,127.49000000000001,139.731636226531
STATION_38,2024-10-13,125.54999999999997,138.80071886813255
STATION_38,2024-10-14,139.65999999999997,140.02503527438256
STATION_38,2024-10-15,135.80999999999995,140.09792650973412
STATION_38,2024-10-16,123.49,140.1840562704763
STATION_38,2024-10-17,117.12000000000002,137.343208492156
STATION_38,2024-10-18,137.82000000000002,138.02913378512474
STATION_38,2024-10-19,131.31999999999996,139.08749254977317
STATION_38,2024-10-20,117.17,137.89058092867944
STATION_38,2024-10-21,156.60999999999996,139.7703843954763
STATION_38,2024-10-22,175.44,139.58466051852318
STATION_38,2024-10-23,159.24999999999994,139.8124925497732
STATION_38,2024-10-24,125.60000000000004,138.96173266207788
STATION_38,2024-10-25,138.99999999999994,138.97188586032007
STATION_38,2024-10-26,170.80999999999995,139.43196276461694
STATION_38,2024-10-27,116.53000000000004,138.4247575644216
STATION_38,2024-10-28,155.64999999999998,139.71361254489037
STATION_38,2024-10-29,111.04,139.19627856051537
STATION_38,2024-10-30,173.68000000000004,139.95879076754662
STATION_38,2024-10-31,131.38999999999996,138.8241136435232
STATION_38,2024-11-01,274.5799999999999,226.2479944498698
STATION_38,2024-11-02,264.56000000000006,226.63294318033854
STATION_38,2024-11-03,227.86999999999998,228.15437567545575
STATION_38,2024-11-04,215.61,228.3038324625651
STATION_38,2024-11-05,233.89999999999995,228.17027838541668
STATION_38,2024-11-06,226.40000000000003,228.78439581705732
STATION_38,2024-11-07,221.97000000000008,228.37853033854168
STATION_38,2024-11-08,196.84000000000006,228.87632086588542
STATION_38,2024-11-09,219.71000000000006,229.29160406901042
STATION_38,2024-11-10,207.78999999999994,228.48791754557294
STATION_38,2024-11-11,241.0300000000001,228.77424872233075
STATION_38,2024-11-12,249.82,228.55020697428387
STATION_38,2024-11-13,244.80999999999995,228.64417059733074
STATION_38,2024-11-14,236.85000000000008,228.43292181803386
STATION_38,2024-11-15,212.93999999999994,228.6961908610026
STATION_38,2024-11-16,234.11,228.7190576822917
STATION_38,2024-11-17,245.8600000000001,228.51509344889325
STATION_38,2024-11-18,218.28,228.4911127360026
STATION_38,2024-11-19,232.38,228.32487738444013
STATION_38,2024-11-20,227.09000000000003,228.7675775797526
STATION_38,2024-11-21,263.25,228.44705450846357
STATION_38,2024-11-22,247.03000000000003,228.533147648112
STATION_38,2024-11-23,242.1799999999999,228.71411993815104
STATION_38,2024-11-24,195.66999999999993,228.64803107096355
STATION_38,2024-11-25,233.45999999999992,228.83086188151043
STATION_38,2024-11-26,226.89999999999998,228.54180548502606
STATION_38,2024-11-27,226.73,228.44216864420574
STATION_38,2024-11-28,198.72999999999996,229.02268927408855
STATION_38,2024-11-29,208.2400000000001,228.7825372965495
STATION_38,2024-11-30,228.64000000000001,228.99466193033857
STATION_38,2024-12-01,252.2899999999999,224.99564682695944
STATION_38,2024-12-02,218.19000000000003,224.78585983965476
STATION_38,2024-12-03,222.00000000000003,224.8667955086001
STATION_38,2024-12-04,265.61999999999995,225.04652878496728
STATION_38,2024-12-05,224.06000000000006,224.81087509844383
STATION_38,2024-12-06,227.42000000000004,224.69581162188132
STATION_38,2024-12-07,227.70000000000005,224.27582871172507
STATION_38,2024-12-08,203.09000000000003,224.39126145098288
STATION_38,2024-12-09,241.44000000000005,224.95475327227194
STATION_38,2024-12-10,216.9399999999999,224.8835954353579
STATION_38,2024-12-11,229.40000000000006,225.62826401445946
STATION_38,2024-12-12,238.88999999999993,225.22650009844384
STATION_38,2024-12-13,268.85000000000014,225.3405748054751
STATION_38,2024-12-14,203.64000000000004,224.57670456621727
STATION_38,2024-12-15,247.30000000000007,224.71059738848288
STATION_38,2024-12-16,247.36999999999995,224.27657028887353
STATION_38,2024-12-17,217.24000000000007,224.62677475664697
STATION_38,2024-12-18,241.99000000000007,224.75984970781883
STATION_38,2024-12-19,262.87,224.52056748125634
STATION_38,2024-12-20,214.70000000000007,225.05255295488914
STATION_38,2024-12-21,234.82999999999996,224.7327195808657
STATION_38,2024-12-22,238.10000000000008,224.35253159258446
STATION_38,2024-12-23,240.67999999999992,224.31818711016257
STATION_38,2024-12-24,245.39000000000007,224.06186081621726
STATION_38,2024-12-25,233.33000000000004,224.53038498613915
STATION_38,2024-12-26,240.2700000000001,225.03629624102194
STATION_38,2024-12-27,211.7700000000001,224.3363328621157
STATION_38,2024-12-28,233.2800000000001,224.70091110918602
STATION_38,2024-12-29,220.46999999999997,224.71068283770165
STATION_38,2024-12-30,205.4,225.13727890703757
STATION_38,2024-12-31,219.82000000000002,225.18944870684226
STATION_39,2024-08-07,46.36000000000001,47.21985312054609
STATION_39,2024-08-08,47.980000000000004,44.59422293255781
STATION_39,2024-08-09,32.71000000000001,45.14323874066328
STATION_39,2024-08-10,35.50000000000001,45.232089906434766
STATION_39,2024-08-11,70.57000000000002,46.28562307904219
STATION_39,2024-08-12,56.820000000000014,45.56119604657148
STATION_39,2024-08-13,28.870000000000008,46.248988252382034
STATION_39,2024-08-14,10.000000000000002,45.15561056683516
STATION_39,2024-08-15,29.709999999999994,46.68539419720625
STATION_39,2024-08-16,51.14999999999999,49.288313203553905
STATION_39,2024-08-17,35.36000000000001,45.94756231854414
STATION_39,2024-08-18,33.81,46.092389589051955
STATION_39,2024-08-19,36.220000000000006,46.22803793499922
STATION_39,2024-08-20,46.550000000000004,48.32105551312422
STATION_39,2024-08-21,63.68999999999997,47.5445502335832
STATION_39,2024-08-22,47.989999999999995,45.0993239457414
STATION_39,2024-08-23,49.24,45.925869661073435
STATION_39,2024-08-24,43.50000000000001,43.953024583558786
STATION_39,2024-08-25,38.00999999999999,45.604501252870314
STATION_39,2024-08-26,65.88,45.73908682415937
STATION_39,2024-08-27,62.84999999999999,46.06571341107344
STATION_39,2024-08-28,88.90999999999997,45.55713186810469
STATION_39,2024-08-29,60.20999999999999,45.43588400433516
STATION_39,2024-08-30,38.029999999999994,46.36456518719648
STATION_39,2024-08-31,29.910000000000007,45.98492270062422
STATION_39,2024-09-01,67.06000000000002,47.80599246215821
STATION_39,2024-09-02,31.70000000000001,47.88343539428712
STATION_39,2024-09-03,64.18999999999998,48.14144625854493
STATION_39,2024-09-04,32.8,47.54427371215821
STATION_39,2024-09-05,54.980000000000004,46.96363635253907
STATION_39,2024-09-06,26.8,46.867963745117194
STATION_39,2024-09-07,63.59999999999998,45.640022613525396
STATION_39,2024-09-08,23.330000000000002,47.79930453491212
STATION_39,2024-09-09,53.459999999999994,46.370585968017586
STATION_39,2024-09-10,44.04,48.10960650634766
STATION_39,2024-09-11,50.040000000000006,45.46880984497071
STATION_39,2024-09-12,40.07999999999999,45.006442596435555
STATION_39,2024-09-13,39.61000000000001,47.18009448242188
STATION_39,2024-09-14,51.10000000000001,47.66214480590821
STATION_39,2024-09-15,27.960000000000008,46.69292864990235
STATION_39,2024-09-16,27.84,46.91308398437501
STATION_39,2024-09-17,40.830000000000005,47.36656298828126
STATION_39,2024-09-18,40.04999999999999,47.33682818603516
STATION_39,2024-09-19,27.890000000000004,45.954526092529306
STATION_39,2024-09-20,66.47999999999998,49.98351473999024
STATION_39,2024-09-21,41.31,49.06497073364258
STATION_39,2024-09-22,43.47,49.65679202270508
STATION_39,2024-09-23,21.45,46.28147998046876
STATION_39,2024-09-24,89.43000000000002,49.64889254760743
STATION_39,2024-09-25,96.54,47.450151397705085
STATION_39,2024-09-26,32.39,47.42077441406251
STATION_39,2024-09-27,72.51999999999997,48.60707431030274
STATION_39,2024-09-28,46.16,45.912334014892586
STATION_39,2024-09-29,80.07999999999996,47.30081973266602
STATION_39,2024-09-30,54.719999999999985,46.38687930297852
STATION_39,2024-10-01,141.99999999999994,136.03432327172064
STATION_39,2024-10-02,90.00999999999999,137.86640182396673
STATION_39,2024-10-03,122.43000000000004,138.61381088158393
STATION_39,2024-10-04,140.41000000000005,138.94680648705267
STATION_39,2024-10-05,143.97000000000003,139.38391281029487
STATION_39,2024-10-06,115.69999999999996,139.11853805443548
STATION_39,2024-10-07,125.41999999999997,139.9018449392011
STATION_39,2024-10-08,151.07000000000005,139.06056991478704
STATION_39,2024-10-09,112.33999999999996,138.4403428640058
STATION_39,2024-10-10,142.67000000000002,138.91858077904487
STATION_39,2024-10-11,164.75999999999996,138.66916061302925
STATION_39,2024-10-12,147.71,139.15600753685737
STATION_39,2024-10-13,146.71000000000004,137.48910995384955
STATION_39,2024-10-14,99.6,138.321931609123
STATION_39,2024-10-15,123.55999999999999,138.47944198509956
STATION_39,2024-10-16,181.07999999999998,139.6929551686933
STATION_39,2024-10-17,128.02,138.83154159447454
STATION_39,2024-10-18,165.28999999999994,139.46540695091986
STATION_39,2024-10-19,127.77999999999994,138.36672225853704
STATION_39,2024-10-20,134.44,138.91916976830268
STATION_39,2024-10-21,150.31,138.26765304466986
STATION_39,2024-10-22,142.00999999999996,138.71271224877142
STATION_39,2024-10-23,147.62999999999997,138.7834611501386
STATION_39,2024-10-24,123.62999999999998,137.47311874291205
STATION_39,2024-10-25,117.27000000000001,138.52382369896674
STATION_39,2024-10-26,122.28000000000004,137.90515609642767
STATION_39,2024-10-27,129.35000000000002,138.34677291771675
STATION_39,2024-10-28,135.41,138.56032272240424
STATION_39,2024-10-29,160.75000000000003,138.2111375417402
STATION_39,2024-10-30,141.75000000000003,137.7761125173261
STATION_39,2024-10-31,149.69000000000005,138.40775924584173
STATION_39,2024-11-01,232.82999999999998,226.9355686604818
STATION_39,2024-11-02,207.69000000000008,229.29733013509116
STATION_39,2024-11-03,230.35000000000008,230.3882053792318
STATION_39,2024-11-04,232.6199999999999,230.3267307698568
STATION_39,2024-11-05,245.20000000000005,230.3837406575521
STATION_39,2024-11-06,208.63000000000008,230.50225262044273
STATION_39,2024-11-07,189.19000000000003,230.43897442220054
STATION_39,2024-11-08,233.5300000000001,229.97364849446618
STATION_39,2024-11-09,237.07999999999993,229.88304485677085
STATION_39,2024-11-10,226.41000000000008,229.7226810872396
STATION_39,2024-11-11,230.55999999999995,230.11665996907556
STATION_39,2024-11-12,247.57999999999993,230.21480450032556
STATION_39,2024-11-13,220.81999999999994,229.88161053059898
STATION_39,2024-11-14,224.42999999999995,230.28111004231772
STATION_39,2024-11-15,231.5800000000001,230.16404156087242
STATION_39,2024-11-16,205.6,230.13903240559898
STATION_39,2024-11-17,226.95999999999992,230.4325901448568
STATION_39,2024-11-18,228.72999999999996,230.3192417561849
STATION_39,2024-11-19,262.74000000000007,230.32958721516928
STATION_39,2024-11-20,224.04000000000008,230.14837383626303
STATION_39,2024-11-21,234.0,230.0920689046224
STATION_39,2024-11-22,248.36999999999992,230.41698345540368
STATION_39,2024-11-23,213.25,230.47560467122398
STATION_39,2024-11-24,257.5100000000001,230.16137127278648
STATION_39,2024-11-25,265.28,230.0752872884115
STATION_39,2024-11-26,229.42000000000007,230.1175999104818
STATION_39,2024-11-27,219.21000000000004,230.23948101399742
STATION_39,2024-11-28,262.54,229.80582317708337
STATION_39,2024-11-29,245.91000000000005,230.27709698079428
STATION_39,2024-11-30,231.63999999999996,230.2160099446615
STATION_39,2024-12-01,258.5400000000001,224.90326932254916
STATION_39,2024-12-02,256.41999999999996,225.09414151493198
STATION_39,2024-12-03,223.26999999999992,224.8257211047757
STATION_39,2024-12-04,234.96999999999997,225.27198880497104
STATION_39,2024-12-05,241.5399999999999,225.2896066028226
STATION_39,2024-12-06,230.56999999999994,225.41871426883822
STATION_39,2024-12-07,202.18000000000006,225.4713723498929
STATION_39,2024-12-08,211.2299999999999,225.31793301883823
STATION_39,2024-12-09,202.8300000000001,225.79861234012728
STATION_39,2024-12-10,239.8600000000001,225.59169705692415
STATION_39,2024-12-11,206.31000000000003,225.61263516727573
STATION_39,2024-12-12,233.85000000000002,225.68158658329133
STATION_39,2024-12-13,266.64000000000004,225.6975900012601
STATION_39,2024-12-14,258.55999999999995,225.4113595325101
STATION_39,2024-12-15,193.24999999999994,224.6125069934476
STATION_39,2024-12-16,204.4300000000001,225.21464017215854
STATION_39,2024-12-17,214.47000000000003,225.3855325061429
STATION_39,2024-12-18,206.6200000000001,225.40835049930698
STATION_39,2024-12-19,196.9199999999999,225.39982083622104
STATION_39,2024-12-20,229.77999999999994,226.56297391239292
STATION_39,2024-12-21,244.10000000000008,226.47914822879915
STATION_39,2024-12-22,249.08000000000004,225.55452969852573
STATION_39,2024-12-23,220.50999999999993,225.29638150516635
STATION_39,2024-12-24,224.55999999999995,225.66725247684604
STATION_39,2024-12-25,237.11000000000007,225.78575833622102
STATION_39,2024-12-26,227.83,225.50941861454135
STATION_39,2024-12-27,246.2100000000001,224.82641995731478
STATION_39,2024-12-28,238.61000000000004,224.79091885868198
STATION_39,2024-12-29,222.46999999999994,225.12663968387727
STATION_39,2024-12-30,192.86999999999995,225.26196072879915
STATION_39,2024-12-31,259.98,225.6000069934476
